-- --------------------------------------------------------
-- Host:                         127.0.0.1
-- Server version:               10.3.8-MariaDB - mariadb.org binary distribution
-- Server OS:                    Win64
-- HeidiSQL Version:             9.5.0.5196
-- --------------------------------------------------------

/*!40101 SET @OLD_CHARACTER_SET_CLIENT=@@CHARACTER_SET_CLIENT */;
/*!40101 SET NAMES utf8 */;
/*!50503 SET NAMES utf8mb4 */;
/*!40014 SET @OLD_FOREIGN_KEY_CHECKS=@@FOREIGN_KEY_CHECKS, FOREIGN_KEY_CHECKS=0 */;
/*!40101 SET @OLD_SQL_MODE=@@SQL_MODE, SQL_MODE='NO_AUTO_VALUE_ON_ZERO' */;


-- Dumping database structure for vehicles_reservation_db
DROP DATABASE IF EXISTS `vehicles_reservation_db`;
CREATE DATABASE IF NOT EXISTS `vehicles_reservation_db` /*!40100 DEFAULT CHARACTER SET utf8 */;
USE `vehicles_reservation_db`;

-- Dumping structure for table vehicles_reservation_db.company
CREATE TABLE IF NOT EXISTS `company` (
  `id` int(11) NOT NULL AUTO_INCREMENT,
  `name` varchar(128) NOT NULL,
  `logo` longblob NOT NULL,
  `deleted` tinyint(4) NOT NULL DEFAULT 0,
  PRIMARY KEY (`id`)
) ENGINE=InnoDB AUTO_INCREMENT=3 DEFAULT CHARSET=utf8;

-- Dumping data for table vehicles_reservation_db.company: ~2 rows (approximately)
/*!40000 ALTER TABLE `company` DISABLE KEYS */;
INSERT INTO `company` (`id`, `name`, `logo`, `deleted`) VALUES
	(1, 'Telegroup', _binary 0x89504E470D0A1A0A0000000D49484452000000DC0000003208060000003714B573000000017352474200AECE1CE90000000467414D410000B18F0BFC6105000000097048597300000EC200000EC20115284A800000183449444154785EED9C097854D5D9C7FF9399EC0B246111649545F645F61DAA6CA2805550D10FAA6D116D05A1A2B654B48A520101B5B5552BB6588BCB075A5050A414ACA041910659C226FB0ED9267B66E9FB3F7327994CE69E4994A43CF6FE9EE742EE993B33E79EF3EEE7DCB17905585858D40A11C6FF161616B580A5701616B588A5701616B588A5701616B588A5701616B5C8FF449572C6A2D5389799077B4468FBE2F27850273E1A2FCDB9D968B1B0A819FE2714CED6763A6C49B1B0D96C464B453C8525B8E5FA6BF0CE823B8D96CB0F4FDE39788B7380D242C01E0D5B642C20872DA62E6CF648E32A8BCB1D5385CB5DD21EDE927C1152BBD15273780AB3107FC73B886C3DDC68B974A41F388D6EE317203135D168A98C33A7006F3C7327268DEA66B4FC77293DB01EA5BB56C2756823DCA70ECA3C48236789F682877FC6F83F0F873447497E50BF291C4D7AC3DEBC3F6206CE5297585C5E845438AFC78DCC7B1D88A86334D4309E2C20F565B7F4E6D2A7940BFEB2190F2F7D1F8989E21142C0DBCF3B9F8B8BDBE6232529CE68AD7DDCE7F7A2F0830751B27DAD3AB7D1698922A92C5B94CCC4392B855313C87F3CF25FA95C2BCA97FC4CA569B5B80C0829E1AE8C3512AAC8C4D172D6F04161B25F21125203CA46D66DCD80238A5F141A8FC78BE8E484FF9AB279B28F2177516B64CFED205E6D2D6C093229E28CCBC65F86C554D988A18CEA3AE3FAA86BEE305EB4B8DC0829E5A5191FF894A13670492AD2EE06E3E4D2F3C957871115691E161797BA705D9FD6C659ED52F0DE34643DD21CEEB387604F1665A1DDD1295715F0AAF11C639C595C6E9828DCFBE2768C931AC62B91A4E3EA9A119053122A7A9C85A6D549E22E716374BFAB8DB3DA23677E23146D7C091154B46AD43C980078193AF20815354A4819D97EAC716271B9115212DDC7CFD49AC2A1A4E604E4834F338018736956E96B492946F5AF5D85CB9E6387E7C2194448F818CEA329C52A96D0338FE1A7FC5D208D62A478789DD296E37BCD5B248778371BC3D1A878F55E8BCB8F4A451356C872178C54B98419B4C8550939E9BD5485CD0C112692F25C4553BD5614657DDA017CB1FB38F61F3D8F0B1745B25CC6C51136D46F5007BD3A36C5C4E15D30E5861EBEF6104C78E8AF58F5CF5D888F95582D04CCDFF2F30AE1FDF722A3A5321C9EB73FDE898D5F1CC257192771F0C44564678A84BB8DFED823D0B8513206746D8EFF1BD303370E6EEF6B3721E7E946F05C3C035BB4D16082F264A244247AC01444759F82C856C37C0D01784B8BE03AFE195C7B57A368F35238AEEA8FC4695B8C5781735979F8D5EF3E44625CE82F74CB7D24D789C56FEE1961B400F3FEF40FBCFAF72F70E49BB312F71663CEEC719877DF48E3D58A94BADC7867C3D7323E07B123E3140EC9F8E4C87742C656210625A16E3CAE6A928A9EED9B60CCC076F8E10F3AF95E3361EABC95A673469806F4EDD40C9303E6FE274FFEBFE93D92E2121706766F8149A3BAABF3551BBFC6866D07111D195A90F38B4AF0E371BDD047BE872C93F1E0F1F9AE6370E78B0514A2926231A04B0BFC6C623FDC7C6D67D5168E4A0AE73AF2A928DD47A250A1AB7A888A45E9CEB7E03A9CA6553A2A5B44BD9688E93F5D948E6639041E171CC9CDE0B8E647387A3A0BF7CD7F176B45B8E160E6EF40A4C30E8708748484847E4FC0DEBA3D1E35D1EE42D166796DE3ABF76258CF56BE0B02A83364AE5CE7519F118AA2E252F4ECD0045B5FFB99D1520E957DFAC2D5F8FCB37D22F1626102FB239D09EE4F49A91B1E9988B89478EC5C3113AD9AA6FA2E08A070CD74147EFC82F26C3A94B289378BB9E101C48D5962B4560D4FEE2944243536CE809757A5E19E87FF0A9815850A8B71DBF8DE58F1F424FC6BC7610C9EFC3B31223644C746C321F3902FCAB3E92FD331A4474BE30D3E366D3F8499CFAEC1BFB77FA3C6C7668C8F5DCD978C8F711D858B868D8ACD39F3CA98C3EDC52F7E7A1D16CDAC9C4AEC3D7C0E1D863D0E689671905B8017E74FC2BDB7F453A7E9FB4FA1DBC87962B935EFC929C0B2C59371D7D85EEAB4F3C4C5D82506543AADCE2B713E0799BB962037BF08ADC72F804BE6D6111FADEA019C7FC2FB2A917B72E516A2659B46F866F5C3AA5DC7B75AF8CE7DBE2BDC27766A15CE5308C48D9F8F98218F182DE6DCFACB37F0F63B9FC19E928018993CFF0D55054E64C1A94CAC7F732686F76963B48A3289458BED340B090DEB887284FE3C675E111E9F361C8F4DADB8FED777CAEF90F6D97E3106F1881141327B7F28A878C5E7727074CB3C34BBA2AED1CAF1C844F6AC54D8A449F7714AD972C558CCD9017BE3EFBE2E788B78F977355EDE999D8FCD7FFE193245686EBAFB45C489B7A6D2108A46DE996C780FBCA0CE09DBBADEBE145FEF388248199F6811C0EA8C0F519185284D3D8954CE6F986BB4FA58F2C6BF306BD16AD3651CE294F13DB3E529344CF559AE67FEFC4F3CF2DC5AFDD2CF052732D3E62359BC12B1759A89F8E48490B24603EA1043BEFB9D5FA0E9803988917ED298E8708A62B6BFAA21F6C87B7498571334B80E8A170A97E331796F3BDA3831875EE8ED0FFF8D0499E8B898A80A03C0812A10D7EE142BEBCCCA571632180A475CE3148C98FA92D1E263DD165FFEA61506C9DF46F76F679C00592274B66E0F62DB9E134A516369B983FA9327219653424A0A2A953D185AC0A8FA49E83DA55C4849C19BB7C3264E46D71DF9787825274B7A70D3255136B2FEF3FD88365916E1FD88CB56C6E92619BF842B53CA948D303A687EF595C619F0CDC98B881023B64742CD44199FEA1A233FF4808912665E9079ED23C62D900F25A27098791D4129439DB83265231FD2389ADC23A18247C97BFCCAB69BA1B24C9D59CF392CAD2542693DFE19C489D10CA76C2441C2D9BD3B8F61333DBE866A2B9CFBCCD7BECE86111C7EB2BD51575F830975873E867C090B699982274E09B708F588BE6DF1C55BB390F6E603A8279364A674CCA9DED92086C0E0C3ADFB55986386123611A8DE9D9AAA734E4ACAC05FAB502A41BC41C8FE5CCCC34F6FEA83F47767E3E357A6499AE20B9582A1809F3D7C1EFB24FFF453F2E57AD146E3C40C315251BD46C2D17288D1F0DD601E426F601701372355BCD4EDBF5A81B8064995EE99B9D2E801BE82120D4DABE14F2256049786D10C2A2F8D91538C971A630D14D26D62180F9FCC345AA07265DD324E4989BB52FAB049DE434F6B06EF6364BFB6C61965836982B9B160DAB0F7C879F9DF173E86BB0FC2CFB225C6A83C4F47B5154E2D19842B638B4E389AE9D7B66E79E875E4485C6D36799CE0BB26F4C3DAE7EF567956EF8E4DF1A6E419454EA392108C78B30D69078D139FA58CD2584A2A6E9BF6E5D6BBE384676197CF309B6C2AFF0B8F4DC04B737E882E12AF5F27E1EBE25937A040FA191211A6F5627949C90EC9A1A42B26F3ABE09C7A19864F586EB47C773EE2F76BBC10DB594C28164F1F72E9445EF35770DBDCB4109192073A34D6DE2963D1A5F5152A44FDCB53B7214FE64A27ACAA5F626CDF5A9FAECEB9C1DC2532410F68862B48794E884161618779BE195CFA097C0FE745E745098D14C3DE3C89ACF2A45F85CC3DC3404F987EE08C71169A6FA1706BC25728B9F8DAFE46E3A432C7242F58B9320D090931464B45E86DE87D96CD9D60B4F848150FA7EAE421E0009D9444D7CFB17DA76400CC6FAF98EB6F037CE1E4FBFFDA8B8CDDC74D959FCAD9B4693DFCFCD6FE468B8F94448911D9D750487F8E9FCD567F96EEFD7BF83193DB8AA82F39454203A3A132C55FBEAAF6B83A7FDF33E4C11D2BAEA35B8DAB45E1C2787942A1A7B05231A87C4E11321532B3D278D18971433AE0F5B55FE1CC898B2A843483B9EB95124A7FF9D7E9187CCD55983CA6076E1ED14504558441877CF751639CD629CF13260D10C1BFDE9837E24F1DCC50FA1EB4F4C3EA645494B9E150D18C8CC1AAE7EE8277D76278772F51155616D974D0509CCF721A67A1A9B6C2B90E7E26D26D9C98C0F520DD6236AB5B112909A6035B2256ECA6E15DD4DF9962F178F066376F3F645E5512FCB531154787CBDF022CE5834B3F401495D9040A224BD02E091FFDFD718912B2446CD384327E4BED3AF679D831635410D93674E9DD4FC9B69745A132E03AB23DE451BAEF10ECCDFA1A57D3C3E9BDBC1FE6452C2AB46BD100CB9EB80D5FBC3D0B9F2CBF1F4B164E56AFCF7AF67DC44828A9A338BF08BF7F64BC71E6234A2C7EF870CC5B160EB2BF111AA55686D8E140FB96E546E9A3CF0E2042738FEAFB45A95B35F1558DCF8811F1E415690B73F4CCCF3C340E370D2B5FBE983BF53A94B22AAE81FD4BADA35F03AD96C2799CA755D8A3936335BE62AD235B5FEB6B08C12AB1982C4898C14A25BD8EADFD0348EDFB2B75C4769B8D69F3569A56A2DC72B38DEAFBCAC22A940A37093278B494B4CCFB761ED5E60DCC359E5EB611919D6695F527B2F32FF0DC8A4FD56B2191FE34AEE7DBFDEDC93E117EA4E9E152F46178E9816DBE3D963274C1073FDF7E258D58F9171D3D7846EBE589CBED4681E45B9BC533A54B9E7CD7D89E2A841FD4BD251E983410A7246AB870FC820A97CC50E3290671DC908E468B8F1DFBF55186428C18159DACFFFC8036176309BE4717DFBA989F0F444EF49ED7857EBDCBC7955E5F1766332F97C41C0F4D196AB4F8A0D10D070D17D71B758413830A94EE5D23822C7F68148E82636F906C9C5466E7C1D3346AB019D6DF0C2A5DA28428150E4DA9982168E75657A83FD74A9811A599047AAA7ACDEBA9BF55A1459446EB0D052A56707F4C958DC8A475927C46117EAE7C78CC2FF4E49C14E9917133EBA6BC35700FA5F2F2A224BAFBA2452ECC2944D6D67918DCE32AA3B522AB36EE56E3A3832177BBCECD8DB37232761DD72AAA42424EFF72CE45095B03ABA4C19432A7348A3884795591782CED7BC4A08E0E2C9884F1A225F21D8303AEF7C34D0F1C4F1D6EF9AE3E4611CE8CEA29DCBE2A6C6A6638D9DE7C33F23699048815D389372D0543C8EA1C909066A851BD4A0FE3B1E8D5461AFB27B9C0AD16DA355041437DA7EE80842DC30C21B631C7A0E7D721DD2D3DF8B1715299D27D46B1CA64E0D4A6E580309EA5725A7233E895F273F2F1D69229A89B606EC8B6C9F8D8C28C4FB18CE7B5BD2A560EB7A61F3104D47CA65585579499E11E3D55D8FC4D942170DF2B7724E9F23785CC4560FEC6E847E745A9A0D7F52E5FCFF5B37AF31EAD11575EBEA814370CD2EF34AA96C2B9F6ADAB52FE1638F1C19C389B239F61FEB554B624998401DD5AA8927D958E8E4DD15984BBB37894DD87CE1A9F648E4726CE9FBF1D93845D57E1A2B2354A4D44FFAE55EF0F43B2A123BA957971FB159D95E7D72273E9DAB713EEF322442128CD586B6AEC38D7C14F5DA8FC4D23200CC163246298385CBF74735CE64BE74114E2E1BA5D5DBEBB85FCE9BD2F94A1D1E94F8184F533EF18A4FE5606225C1A2007E5C20F8B2C61977E64FEB80D90D0D0669DCED2DF8F5CDFF1AA86C6890F1A86F41DFAA74E182D4424C42819D451E59D265E7709B2EE8FF63D946A3688F2499E5C2079712E6CD1A1B7D93CF1CA063CF6E247A6E121C3841BC54AAC5AE44BD8ABCBA2D73763F662F3074E895384E8C2B6F992E0C6E1E6D9AFE3BD4DBBCD7762E417E3C97B47E0D73F31CF49C351F4C94214AC7C081161F614AB8DCA9223C7DFFA1CA2FB4F375A7D64CF899039F0AAE7DD8251855B19FBC0874E6D1D1E4082180A338FC1F5CF3B4677C7F2276E355A42F383692FAB2D5FBA9C9B95CD37E6DF8949A3CB17EB6D1D67223E25F44E0E4201CDBF900B6FC673EABCCDF805AAAA6B56E4A198E6E514C0BBF359A345BEA3FB6CC4C7C79415A78261FED6A2710A32563EA8CED77CB207637FFEAA5A7437C3E92CC41F7F7D33EEB9B9BCF874FD8C652AF7D3EDEFE4FB66FF681816CCB8DE68094D18D3554E55F237AAAE2D490E1365236D9A4AEEC450C20426C0EFAE4FC7AE2A782AE60EDC684B2FE4870BDEBA5D07B45651C9F14AD948BB960DE0D1F4272E36128FBFFCB152BC7064CBA0D3A004133378B67CB16F7C74A88748A55BF96FCF40E6CF6D150EAF2BB4B229E8DDDAFEC038818C1DD782B8DFD37CB2E8E547F4AD1C3A057375F3FA70497EAC235A0471DEB27FA8C2C23792873519FD14A2C4E0E92A81F9994E2C7EF416E30C38B8E744D87CCF21DF3374EA1FF1E81F3E42D2A0B988E6CE244D2D804B3FA302F231FFBAA48EB8F868DCBFE0EF58FEFE7675FDD0A92F61DDA63D88D384AE341E2CC285533652650F97BFF26E946C7D4DBBCB9D4F0644761E8D8429BE9F0908854742467B9BE948689C6C2A10AC14E54B32DCAE7D130C93DCA071BD24B57B234F6E8A8BA3DC91FEA54C5016772824C5C2FBE533C63BC582F47C04B1318ED00BB94281C4D914342EA893DD229C9D4440121AD635ED0F95B4202B0FBD7BB546DFCECDD0502C37852347F234F667FFB1F392EB9C40A1842BDD6582BF7A6386F1CE728AB72C45FE1B33F5114200C1B3A2915D780AC42BDEB218D10367AAF345AF7F225E7E8DDECB9FCBC1C5B4F9480953EEE703BC43262D456203FDEF6DD09B148B07E2FA6374629C36FCA2471CD2AB0D36BD728F3A3F7E261BCD863DAE0A513A28AA546A6E398B8976A81D213AA3C2ED806BFF38B56CB70C372133A5D1F58D30AD29C8E333511EA5E4E1B6B039C5533FFFD804DC7FEB00A3C59C2A2B5CCEBCFAF0382F40F79B426AE26FFB3DA2FBDE67B48466D29C15582116245133D9EC163D18E36E2F2D08BBC99B9609E54053E0599C6058F4FA93B7A9F79C961B6F3CE8512488829A0D105DFFD287C661C6ED038D16A0D3C4C56A97BA2E6450932D7D6152ADFA62F487799ABF3FDC75F2DB07C6E0E1A092B29FBCE5635192B6C617056814A8BAF099B83A4FEC873DD5E7B186DFF70A366DFFC6340C5402258627D050E96834721E2E64E76BC3CAAAC031E482726FC9B7D396DF6FB4022745F99B0C9E1B56A9FDD0004650D9E46F7E66A8B956DF752E179E8CA565AFDBDACD408228B54E792873612BAB01700B5BFF6B5A62CB32BDCCFBA97248E93E79417F35D536287137E36F4FDD8EE6125A3A73F2D5C0848283C2785E95E32519A5B556FFCB39279E42EE15E10FAC40ADDBB24F4286F03B1546073D70BAEBED59EA3DDCF1ADEB0F2D5DA2841C81FD61FFB884A11271B1BEA3344F8F274C5E8DD81B1F563F9AC468C0E4ABAA85CADF244AF22B1BD910A612A776D9048D818EE36B7F0997DC1BB7DB998D8F0E25FC129DE49DCEC6DCFB475750367225154DFA4B43100E1AE00251FEE58F4F54C6D36CAE9966346856AFECF52D46D554271B54B636F21EDE6738784F4E89C27A746A5A6565235552B8D2839297B09F34EEA2546607AF89A85B7161D28C23EF3F82A913FB234F12655A096E7A652CCC1B099C54FF390FBEAE069C9B7265B021EF0D54B8D59214137E56A8A350AC3A771DB495BC2418D7B6F96AAB171F47E1633B0C5D18DAEAFBC3E7E05CAA00C13089CF5C756DDBC8B83234B1A37E8BE485A7E168D5573D19C0A840299FC81ABF26E0AB14FEB6B28373C0EB8BE4BD7CCE539437B2CD35C6D5AC026703329E251276851A031E6E312C2342AC3599C14DBCDE1D0BD596ADB2F191FBD68D0F77E2A87111E5E0AFA28D1FD20139E90BF19B69E50FBA06F2B7459351702253452D819FE9FF9BF3C12D6734B4393257A72E3895810B757FEA909C3BF0B76AD486654DFEC6EF28CACCC7CE37672AA5E3D6367AD2E07E50299D798522B739CA78702B5B75A8524859F4E962146F7D1EB628CD9393EE12D89BF444FCAD7F331AAA066F80CF40ADFCC72E6CFBFAA84A3EC50CF9149C94F54EFE104FD2523C631711EA7E9D9BE3DADEAD5509DECFA01FFF010532619C9450F0BBDACA60BE39DFFC57AD2E8A803C2BFD61456B97E46565059EE0FE70D8E26370758BFAE8DAA611FA776DAED660FC5B88AA82D75D8AE2B417E1DAFD1E5C8737A99F5028FB9E4AF72F48C46B4F4D55CB0CF6C63DE06831088E3623A07E14D68015D75FBEB00E49E27DCDC812E3B0EE851F57ABAF7E18FE2D5DF1A96FFFE9DE93A2F14607D9DF80B149BD3205434441C70DEDA0F6555605AEF94D7B7A157670D19E9F4739E067CAE775EEDA02B3EE1C841FDDD8535D7BCF532B91B6EBB8E9A3472C72FD76FA688C1DDC419DF79AFC02D2F79F36DD95428FE8B0DB90FBC993EAFCD13FACC7D3AF6D94705D2C22E589FD906BEA37AF87BBC7F6524FC09BC9998E6FF5006A4DC36A1F779EB3F0C10162D8162ED1AD4932B9A157269093CB7E2489A27D9BC1AE0ADED202788BF3E470C216C37C43EE3BA68EE48AFFBDFBD7C1A8235B2C3E0B480CF77998294175E0E7E5C8E7D270E816E6AB0AB70926D4D32F934C18DE453D9112082398B3E25999C6F0F1B0EFCA65A97016169712F5B30D63E6235114CE0CFEFAF66BF36E2BF3A03545CD98690B8BCB08EEBAE103A75A4214D36A024BE12CBEF770013BDCCF36203E1A0D753F5C7489B014CEE27B0F154EF7C0292BDFD7F5A97AD5F6BB60299CC5F71AFE2EA7375FFFC029D71847F5B714CEC2E23BB3E2C37420A750AD05723B5BA8032733B51B162E255695D2E27B0D374970E942FBC3446E8F5AEAA90D2C85B3B0A845AC90D2C2A216B114CEC2A216B114CEC2A216B114CEC2A216B114CEC2A216B114CEC2A216B114CEC2A216B114CEC2A2D600FE03D4CF4E3221A358610000000049454E44AE426082, 0),
	(2, 'ETF BL', _binary 0x89504E470D0A1A0A0000000D49484452000000DC0000003208060000003714B573000000017352474200AECE1CE90000000467414D410000B18F0BFC6105000000097048597300000EC200000EC20115284A800000183449444154785EED9C097854D5D9C7FF9399EC0B246111649545F645F61DAA6CA2805550D10FAA6D116D05A1A2B654B48A520101B5B5552BB6588BCB075A5050A414ACA041910659C226FB0ED9267B66E9FB3F7327994CE69E4994A43CF6FE9EE742EE993B33E79EF3EEE7DCB17905585858D40A11C6FF161616B580A5701616B588A5701616B588A5701616B588A5701616B5C8FF449572C6A2D5389799077B4468FBE2F27850273E1A2FCDB9D968B1B0A819FE2714CED6763A6C49B1B0D96C464B453C8525B8E5FA6BF0CE823B8D96CB0F4FDE39788B7380D242C01E0D5B642C20872DA62E6CF648E32A8BCB1D5385CB5DD21EDE927C1152BBD15273780AB3107FC73B886C3DDC68B974A41F388D6EE317203135D168A98C33A7006F3C7327268DEA66B4FC77293DB01EA5BB56C2756823DCA70ECA3C48236789F682877FC6F83F0F873447497E50BF291C4D7AC3DEBC3F6206CE5297585C5E845438AFC78DCC7B1D88A86334D4309E2C20F565B7F4E6D2A7940BFEB2190F2F7D1F8989E21142C0DBCF3B9F8B8BDBE6232529CE68AD7DDCE7F7A2F0830751B27DAD3AB7D1698922A92C5B94CCC4392B855313C87F3CF25FA95C2BCA97FC4CA569B5B80C0829E1AE8C3512AAC8C4D172D6F04161B25F21125203CA46D66DCD80238A5F141A8FC78BE8E484FF9AB279B28F2177516B64CFED205E6D2D6C093229E28CCBC65F86C554D988A18CEA3AE3FAA86BEE305EB4B8DC0829E5A5191FF894A13670492AD2EE06E3E4D2F3C957871115691E161797BA705D9FD6C659ED52F0DE34643DD21CEEB387604F1665A1DDD1295715F0AAF11C639C595C6E9828DCFBE2768C931AC62B91A4E3EA9A119053122A7A9C85A6D549E22E716374BFAB8DB3DA23677E23146D7C091154B46AD43C980078193AF20815354A4819D97EAC716271B9115212DDC7CFD49AC2A1A4E604E4834F338018736956E96B492946F5AF5D85CB9E6387E7C2194448F818CEA329C52A96D0338FE1A7FC5D208D62A478789DD296E37BCD5B248778371BC3D1A878F55E8BCB8F4A451356C872178C54B98419B4C8550939E9BD5485CD0C112692F25C4553BD5614657DDA017CB1FB38F61F3D8F0B1745B25CC6C51136D46F5007BD3A36C5C4E15D30E5861EBEF6104C78E8AF58F5CF5D888F95582D04CCDFF2F30AE1FDF722A3A5321C9EB73FDE898D5F1CC257192771F0C44564678A84BB8DFED823D0B8513206746D8EFF1BD303370E6EEF6B3721E7E946F05C3C035BB4D16082F264A244247AC01444759F82C856C37C0D01784B8BE03AFE195C7B57A368F35238AEEA8FC4695B8C5781735979F8D5EF3E44625CE82F74CB7D24D789C56FEE1961B400F3FEF40FBCFAF72F70E49BB312F71663CEEC719877DF48E3D58A94BADC7867C3D7323E07B123E3140EC9F8E4C87742C656210625A16E3CAE6A928A9EED9B60CCC076F8E10F3AF95E3361EABC95A673469806F4EDD40C9303E6FE274FFEBFE93D92E2121706766F8149A3BAABF3551BBFC6866D07111D195A90F38B4AF0E371BDD047BE872C93F1E0F1F9AE6370E78B0514A2926231A04B0BFC6C623FDC7C6D67D5168E4A0AE73AF2A928DD47A250A1AB7A888A45E9CEB7E03A9CA6553A2A5B44BD9688E93F5D948E6639041E171CC9CDE0B8E647387A3A0BF7CD7F176B45B8E160E6EF40A4C30E8708748484847E4FC0DEBA3D1E35D1EE42D166796DE3ABF76258CF56BE0B02A83364AE5CE7519F118AA2E252F4ECD0045B5FFB99D1520E957DFAC2D5F8FCB37D22F1626102FB239D09EE4F49A91B1E9988B89478EC5C3113AD9AA6FA2E08A070CD74147EFC82F26C3A94B289378BB9E101C48D5962B4560D4FEE2944243536CE809757A5E19E87FF0A9815850A8B71DBF8DE58F1F424FC6BC7610C9EFC3B31223644C746C321F3902FCAB3E92FD331A4474BE30D3E366D3F8499CFAEC1BFB77FA3C6C7668C8F5DCD978C8F711D858B868D8ACD39F3CA98C3EDC52F7E7A1D16CDAC9C4AEC3D7C0E1D863D0E689671905B8017E74FC2BDB7F453A7E9FB4FA1DBC87962B935EFC929C0B2C59371D7D85EEAB4F3C4C5D82506543AADCE2B713E0799BB962037BF08ADC72F804BE6D6111FADEA019C7FC2FB2A917B72E516A2659B46F866F5C3AA5DC7B75AF8CE7DBE2BDC27766A15CE5308C48D9F8F98218F182DE6DCFACB37F0F63B9FC19E928018993CFF0D55054E64C1A94CAC7F732686F76963B48A3289458BED340B090DEB887284FE3C675E111E9F361C8F4DADB8FED777CAEF90F6D97E3106F1881141327B7F28A878C5E7727074CB3C34BBA2AED1CAF1C844F6AC54D8A449F7714AD972C558CCD9017BE3EFBE2E788B78F977355EDE999D8FCD7FFE193245686EBAFB45C489B7A6D2108A46DE996C780FBCA0CE09DBBADEBE145FEF388248199F6811C0EA8C0F519185284D3D8954CE6F986BB4FA58F2C6BF306BD16AD3651CE294F13DB3E529344CF559AE67FEFC4F3CF2DC5AFDD2CF052732D3E62359BC12B1759A89F8E48490B24603EA1043BEFB9D5FA0E9803988917ED298E8708A62B6BFAA21F6C87B7498571334B80E8A170A97E331796F3BDA3831875EE8ED0FFF8D0499E8B898A80A03C0812A10D7EE142BEBCCCA571632180A475CE3148C98FA92D1E263DD165FFEA61506C9DF46F76F679C00592274B66E0F62DB9E134A516369B983FA9327219653424A0A2A953D185AC0A8FA49E83DA55C4849C19BB7C3264E46D71DF9787825274B7A70D3255136B2FEF3FD88365916E1FD88CB56C6E92619BF842B53CA948D303A687EF595C619F0CDC98B881023B64742CD44199FEA1A233FF4808912665E9079ED23C62D900F25A27098791D4129439DB83265231FD2389ADC23A18247C97BFCCAB69BA1B24C9D59CF392CAD2542693DFE19C489D10CA76C2441C2D9BD3B8F61333DBE866A2B9CFBCCD7BECE86111C7EB2BD51575F830975873E867C090B699982274E09B708F588BE6DF1C55BB390F6E603A8279364A674CCA9DED92086C0E0C3ADFB55986386123611A8DE9D9AAA734E4ACAC05FAB502A41BC41C8FE5CCCC34F6FEA83F47767E3E357A6499AE20B9582A1809F3D7C1EFB24FFF453F2E57AD146E3C40C315251BD46C2D17288D1F0DD601E426F601701372355BCD4EDBF5A81B8064995EE99B9D2E801BE82120D4DABE14F2256049786D10C2A2F8D91538C971A630D14D26D62180F9FCC345AA07265DD324E4989BB52FAB049DE434F6B06EF6364BFB6C61965836982B9B160DAB0F7C879F9DF173E86BB0FC2CFB225C6A83C4F47B5154E2D19842B638B4E389AE9D7B66E79E875E4485C6D36799CE0BB26F4C3DAE7EF567956EF8E4DF1A6E419454EA392108C78B30D69078D139FA58CD2584A2A6E9BF6E5D6BBE384676197CF309B6C2AFF0B8F4DC04B737E882E12AF5F27E1EBE25937A040FA191211A6F5627949C90EC9A1A42B26F3ABE09C7A19864F586EB47C773EE2F76BBC10DB594C28164F1F72E9445EF35770DBDCB4109192073A34D6DE2963D1A5F5152A44FDCB53B7214FE64A27ACAA5F626CDF5A9FAECEB9C1DC2532410F68862B48794E884161618779BE195CFA097C0FE745E745098D14C3DE3C89ACF2A45F85CC3DC3404F987EE08C71169A6FA1706BC25728B9F8DAFE46E3A432C7242F58B9320D090931464B45E86DE87D96CD9D60B4F848150FA7EAE421E0009D9444D7CFB17DA76400CC6FAF98EB6F037CE1E4FBFFDA8B8CDDC74D959FCAD9B4693DFCFCD6FE468B8F94448911D9D750487F8E9FCD567F96EEFD7BF83193DB8AA82F39454203A3A132C55FBEAAF6B83A7FDF33E4C11D2BAEA35B8DAB45E1C2787942A1A7B05231A87C4E11321532B3D278D18971433AE0F5B55FE1CC898B2A843483B9EB95124A7FF9D7E9187CCD55983CA6076E1ED14504558441877CF751639CD629CF13260D10C1BFDE9837E24F1DCC50FA1EB4F4C3EA645494B9E150D18C8CC1AAE7EE8277D76278772F51155616D974D0509CCF721A67A1A9B6C2B90E7E26D26D9C98C0F520DD6236AB5B112909A6035B2256ECA6E15DD4DF9962F178F066376F3F645E5512FCB531154787CBDF022CE5834B3F401495D9040A224BD02E091FFDFD718912B2446CD384327E4BED3AF679D831635410D93674E9DD4FC9B69745A132E03AB23DE451BAEF10ECCDFA1A57D3C3E9BDBC1FE6452C2AB46BD100CB9EB80D5FBC3D0B9F2CBF1F4B164E56AFCF7AF67DC44828A9A338BF08BF7F64BC71E6234A2C7EF870CC5B160EB2BF111AA55686D8E140FB96E546E9A3CF0E2042738FEAFB45A95B35F1558DCF8811F1E415690B73F4CCCF3C340E370D2B5FBE983BF53A94B22AAE81FD4BADA35F03AD96C2799CA755D8A3936335BE62AD235B5FEB6B08C12AB1982C4898C14A25BD8EADFD0348EDFB2B75C4769B8D69F3569A56A2DC72B38DEAFBCAC22A940A37093278B494B4CCFB761ED5E60DCC359E5EB611919D6695F527B2F32FF0DC8A4FD56B2191FE34AEE7DBFDEDC93E117EA4E9E152F46178E9816DBE3D963274C1073FDF7E258D58F9171D3D7846EBE589CBED4681E45B9BC533A54B9E7CD7D89E2A841FD4BD251E983410A7246AB870FC820A97CC50E3290671DC908E468B8F1DFBF55186428C18159DACFFFC8036176309BE4717DFBA989F0F444EF49ED7857EBDCBC7955E5F1766332F97C41C0F4D196AB4F8A0D10D070D17D71B758413830A94EE5D23822C7F68148E82636F906C9C5466E7C1D3346AB019D6DF0C2A5DA28428150E4DA9982168E75657A83FD74A9811A599047AAA7ACDEBA9BF55A1459446EB0D052A56707F4C958DC8A475927C46117EAE7C78CC2FF4E49C14E9917133EBA6BC35700FA5F2F2A224BAFBA2452ECC2944D6D67918DCE32AA3B522AB36EE56E3A3832177BBCECD8DB37232761DD72AAA42424EFF72CE45095B03ABA4C19432A7348A3884795591782CED7BC4A08E0E2C9884F1A225F21D8303AEF7C34D0F1C4F1D6EF9AE3E4611CE8CEA29DCBE2A6C6A6638D9DE7C33F23699048815D389372D0543C8EA1C909066A851BD4A0FE3B1E8D5461AFB27B9C0AD16DA355041437DA7EE80842DC30C21B631C7A0E7D721DD2D3DF8B1715299D27D46B1CA64E0D4A6E580309EA5725A7233E895F273F2F1D69229A89B606EC8B6C9F8D8C28C4FB18CE7B5BD2A560EB7A61F3104D47CA65585579499E11E3D55D8FC4D942170DF2B7724E9F23785CC4560FEC6E847E745A9A0D7F52E5FCFF5B37AF31EAD11575EBEA814370CD2EF34AA96C2B9F6ADAB52FE1638F1C19C389B239F61FEB554B624998401DD5AA8927D958E8E4DD15984BBB37894DD87CE1A9F648E4726CE9FBF1D93845D57E1A2B2354A4D44FFAE55EF0F43B2A123BA957971FB159D95E7D72273E9DAB713EEF322442128CD586B6AEC38D7C14F5DA8FC4D23200CC163246298385CBF74735CE64BE74114E2E1BA5D5DBEBB85FCE9BD2F94A1D1E94F8184F533EF18A4FE5606225C1A2007E5C20F8B2C61977E64FEB80D90D0D0669DCED2DF8F5CDFF1AA86C6890F1A86F41DFAA74E182D4424C42819D451E59D265E7709B2EE8FF63D946A3688F2499E5C2079712E6CD1A1B7D93CF1CA063CF6E247A6E121C3841BC54AAC5AE44BD8ABCBA2D73763F662F3074E895384E8C2B6F992E0C6E1E6D9AFE3BD4DBBCD7762E417E3C97B47E0D73F31CF49C351F4C94214AC7C081161F614AB8DCA9223C7DFFA1CA2FB4F375A7D64CF899039F0AAE7DD8251855B19FBC0874E6D1D1E4082180A338FC1F5CF3B4677C7F2276E355A42F383692FAB2D5FBA9C9B95CD37E6DF8949A3CB17EB6D1D67223E25F44E0E4201CDBF900B6FC673EABCCDF805AAAA6B56E4A198E6E514C0BBF359A345BEA3FB6CC4C7C79415A78261FED6A2710A32563EA8CED77CB207637FFEAA5A7437C3E92CC41F7F7D33EEB9B9BCF874FD8C652AF7D3EDEFE4FB66FF681816CCB8DE68094D18D3554E55F237AAAE2D490E1365236D9A4AEEC450C20426C0EFAE4FC7AE2A782AE60EDC684B2FE4870BDEBA5D07B45651C9F14AD948BB960DE0D1F4272E36128FBFFCB152BC7064CBA0D3A004133378B67CB16F7C74A88748A55BF96FCF40E6CF6D150EAF2BB4B229E8DDDAFEC038818C1DD782B8DFD37CB2E8E547F4AD1C3A057375F3FA70497EAC235A0471DEB27FA8C2C23792873519FD14A2C4E0E92A81F9994E2C7EF416E30C38B8E744D87CCF21DF3374EA1FF1E81F3E42D2A0B988E6CE244D2D804B3FA302F231FFBAA48EB8F868DCBFE0EF58FEFE7675FDD0A92F61DDA63D88D384AE341E2CC285533652650F97BFF26E946C7D4DBBCB9D4F0644761E8D8429BE9F0908854742467B9BE948689C6C2A10AC14E54B32DCAE7D130C93DCA071BD24B57B234F6E8A8BA3DC91FEA54C5016772824C5C2FBE533C63BC582F47C04B1318ED00BB94281C4D914342EA893DD229C9D4440121AD635ED0F95B4202B0FBD7BB546DFCECDD0502C37852347F234F667FFB1F392EB9C40A1842BDD6582BF7A6386F1CE728AB72C45FE1B33F5114200C1B3A2915D780AC42BDEB218D10367AAF345AF7F225E7E8DDECB9FCBC1C5B4F9480953EEE703BC43262D456203FDEF6DD09B148B07E2FA6374629C36FCA2471CD2AB0D36BD728F3A3F7E261BCD863DAE0A513A28AA546A6E398B8976A81D213AA3C2ED806BFF38B56CB70C372133A5D1F58D30AD29C8E333511EA5E4E1B6B039C5533FFFD804DC7FEB00A3C59C2A2B5CCEBCFAF0382F40F79B426AE26FFB3DA2FBDE67B48466D29C15582116245133D9EC163D18E36E2F2D08BBC99B9609E54053E0599C6058F4FA93B7A9F79C961B6F3CE8512488829A0D105DFFD287C661C6ED038D16A0D3C4C56A97BA2E6450932D7D6152ADFA62F487799ABF3FDC75F2DB07C6E0E1A092B29FBCE5635192B6C617056814A8BAF099B83A4FEC873DD5E7B186DFF70A366DFFC6340C5402258627D050E96834721E2E64E76BC3CAAAC031E482726FC9B7D396DF6FB4022745F99B0C9E1B56A9FDD0004650D9E46F7E66A8B956DF752E179E8CA565AFDBDACD408228B54E792873612BAB01700B5BFF6B5A62CB32BDCCFBA97248E93E79417F35D536287137E36F4FDD8EE6125A3A73F2D5C0848283C2785E95E32519A5B556FFCB39279E42EE15E10FAC40ADDBB24F4286F03B1546073D70BAEBED59EA3DDCF1ADEB0F2D5DA2841C81FD61FFB884A11271B1BEA3344F8F274C5E8DD81B1F563F9AC468C0E4ABAA85CADF244AF22B1BD910A612A776D9048D818EE36B7F0997DC1BB7DB998D8F0E25FC129DE49DCEC6DCFB475750367225154DFA4B43100E1AE00251FEE58F4F54C6D36CAE9966346856AFECF52D46D554271B54B636F21EDE6738784F4E89C27A746A5A6565235552B8D2839297B09F34EEA2546607AF89A85B7161D28C23EF3F82A913FB234F12655A096E7A652CCC1B099C54FF390FBEAE069C9B7265B021EF0D54B8D59214137E56A8A350AC3A771DB495BC2418D7B6F96AAB171F47E1633B0C5D18DAEAFBC3E7E05CAA00C13089CF5C756DDBC8B83234B1A37E8BE485A7E168D5573D19C0A840299FC81ABF26E0AB14FEB6B28373C0EB8BE4BD7CCE539437B2CD35C6D5AC026703329E251276851A031E6E312C2342AC3599C14DBCDE1D0BD596ADB2F191FBD68D0F77E2A87111E5E0AFA28D1FD20139E90BF19B69E50FBA06F2B7459351702253452D819FE9FF9BF3C12D6734B4393257A72E3895810B757FEA909C3BF0B76AD486654DFEC6EF28CACCC7CE37672AA5E3D6367AD2E07E50299D798522B739CA78702B5B75A8524859F4E962146F7D1EB628CD9393EE12D89BF444FCAD7F331AAA066F80CF40ADFCC72E6CFBFAA84A3EC50CF9149C94F54EFE104FD2523C631711EA7E9D9BE3DADEAD5509DECFA01FFF010532619C9450F0BBDACA60BE39DFFC57AD2E8A803C2BFD61456B97E46565059EE0FE70D8E26370758BFAE8DAA611FA776DAED660FC5B88AA82D75D8AE2B417E1DAFD1E5C8737A99F5028FB9E4AF72F48C46B4F4D55CB0CF6C63DE06831088E3623A07E14D68015D75FBEB00E49E27DCDC812E3B0EE851F57ABAF7E18FE2D5DF1A96FFFE9DE93A2F14607D9DF80B149BD3205434441C70DEDA0F6555605AEF94D7B7A157670D19E9F4739E067CAE775EEDA02B3EE1C841FDDD8535D7BCF532B91B6EBB8E9A3472C72FD76FA688C1DDC419DF79AFC02D2F79F36DD95428FE8B0DB90FBC993EAFCD13FACC7D3AF6D94705D2C22E589FD906BEA37AF87BBC7F6524FC09BC9998E6FF5006A4DC36A1F779EB3F0C10162D8162ED1AD4932B9A157269093CB7E2489A27D9BC1AE0ADED202788BF3E470C216C37C43EE3BA68EE48AFFBDFBD7C1A8235B2C3E0B480CF77998294175E0E7E5C8E7D270E816E6AB0AB70926D4D32F934C18DE453D9112082398B3E25999C6F0F1B0EFCA65A97016169712F5B30D63E6235114CE0CFEFAF66BF36E2BF3A03545CD98690B8BCB08EEBAE103A75A4214D36A024BE12CBEF770013BDCCF36203E1A0D753F5C7489B014CEE27B0F154EF7C0292BDFD7F5A97AD5F6BB60299CC5F71AFE2EA7375FFFC029D71847F5B714CEC2E23BB3E2C37420A750AD05723B5BA8032733B51B162E255695D2E27B0D374970E942FBC3446E8F5AEAA90D2C85B3B0A845AC90D2C2A216B114CEC2A216B114CEC2A216B114CEC2A216B114CEC2A216B114CEC2A216B114CEC2A216B114CEC2A2D600FE03D4CF4E3221A358610000000049454E44AE426082, 0);
/*!40000 ALTER TABLE `company` ENABLE KEYS */;

-- Dumping structure for table vehicles_reservation_db.location
CREATE TABLE IF NOT EXISTS `location` (
  `id` int(11) NOT NULL AUTO_INCREMENT,
  `name` varchar(128) NOT NULL,
  `address` varchar(128) NOT NULL,
  `longitude` float(10,6) NOT NULL,
  `latitude` float(10,6) NOT NULL,
  `description` text DEFAULT NULL,
  `deleted` tinyint(4) NOT NULL DEFAULT 0,
  `company_id` int(11) NOT NULL,
  PRIMARY KEY (`id`),
  KEY `FK_location_company` (`company_id`),
  CONSTRAINT `FK_location_company` FOREIGN KEY (`company_id`) REFERENCES `company` (`id`)
) ENGINE=InnoDB AUTO_INCREMENT=7 DEFAULT CHARSET=utf8;

-- Dumping data for table vehicles_reservation_db.location: ~2 rows (approximately)
/*!40000 ALTER TABLE `location` DISABLE KEYS */;
INSERT INTO `location` (`id`, `name`, `address`, `longitude`, `latitude`, `description`, `deleted`, `company_id`) VALUES
	(3, 'Parking kod zgrade vlade', 'Vladike Platona 6', 17.199558, 44.776028, '', 0, 1),
	(5, 'Parking kod Krasa', 'Vidovdanska', 17.189735, 44.772350, NULL, 0, 1),
	(6, 'Parking stara autobuska stanica', 'Grčka 15', 17.188335, 44.773540, '', 0, 1);
/*!40000 ALTER TABLE `location` ENABLE KEYS */;

-- Dumping structure for table vehicles_reservation_db.logger
CREATE TABLE IF NOT EXISTS `logger` (
  `id` int(11) NOT NULL AUTO_INCREMENT,
  `action_type` varchar(128) NOT NULL,
  `action_details` text NOT NULL,
  `table_name` varchar(128) NOT NULL,
  `created` datetime NOT NULL DEFAULT current_timestamp(),
  `user_id` int(11) NOT NULL,
  `atomic` tinyint(4) NOT NULL,
  `company_id` int(11) DEFAULT NULL,
  PRIMARY KEY (`id`),
  KEY `FK_logger_user` (`user_id`),
  KEY `FK_logger_company` (`company_id`),
  CONSTRAINT `FK_logger_company` FOREIGN KEY (`company_id`) REFERENCES `company` (`id`),
  CONSTRAINT `FK_logger_user` FOREIGN KEY (`user_id`) REFERENCES `user` (`id`)
) ENGINE=InnoDB AUTO_INCREMENT=64 DEFAULT CHARSET=utf8;

-- Dumping data for table vehicles_reservation_db.logger: ~47 rows (approximately)
/*!40000 ALTER TABLE `logger` DISABLE KEYS */;
INSERT INTO `logger` (`id`, `action_type`, `action_details`, `table_name`, `created`, `user_id`, `atomic`, `company_id`) VALUES
	(10, 'update', 'A&#x017E;uriran je entitet: ba.telegroup.vehicles_reservation.model.User@262baf1e na novu vrijednost: ba.telegroup.vehicles_reservation.model.User@84fd0213.', 'User', '2018-08-18 20:16:53', 1, 1, NULL),
	(11, 'create', 'Kreiran je novi entitet: ba.telegroup.vehicles_reservation.model.Company@d54f0e4f.', 'Company', '2018-08-19 16:27:35', 1, 1, NULL),
	(12, 'update', 'A&#x017E;uriran je entitet: ba.telegroup.vehicles_reservation.model.Company@f2b156c na novu vrijednost: ba.telegroup.vehicles_reservation.model.Company@f2b156c.', 'Company', '2018-08-19 16:32:00', 1, 1, NULL),
	(13, 'delete', 'Obrisan je entitet: ba.telegroup.vehicles_reservation.model.Company@d54f0e50.', 'Company', '2018-08-19 16:33:07', 1, 1, NULL),
	(14, 'delete', 'Obrisan je entitet: ba.telegroup.vehicles_reservation.model.Company@f2b156d.', 'Company', '2018-08-19 16:36:23', 1, 1, NULL),
	(15, 'delete', 'Obrisan je entitet: ba.telegroup.vehicles_reservation.model.Company@d54f0e50.', 'Company', '2018-08-19 16:39:41', 1, 1, NULL),
	(16, 'update', 'A&#x017E;uriran je entitet: ba.telegroup.vehicles_reservation.model.Company@f2b156c na novu vrijednost: ba.telegroup.vehicles_reservation.model.Company@d6372d65.', 'Company', '2018-08-19 17:30:37', 1, 1, NULL),
	(17, 'update', 'A&#x017E;uriran je entitet: ba.telegroup.vehicles_reservation.model.Company@d6372d65 na novu vrijednost: ba.telegroup.vehicles_reservation.model.Company@f2b156c.', 'Company', '2018-08-19 17:30:48', 1, 1, NULL),
	(18, 'create', 'Kreiran je novi entitet: ba.telegroup.vehicles_reservation.model.User@42d12933.', 'User', '2018-08-20 09:27:59', 1, 1, NULL),
	(19, 'create', 'Kreiran je novi entitet: ba.telegroup.vehicles_reservation.model.User@d083bfa3.', 'User', '2018-08-20 09:31:37', 1, 1, NULL),
	(20, 'create', 'Kreiran je novi entitet: ba.telegroup.vehicles_reservation.model.User@cfbc6583.', 'User', '2018-08-20 09:33:03', 1, 1, NULL),
	(21, 'create', 'Kreiran je novi entitet: ba.telegroup.vehicles_reservation.model.User@1fad7c51.', 'User', '2018-08-20 10:12:45', 1, 1, NULL),
	(22, 'create', 'Kreiran je novi entitet: ba.telegroup.vehicles_reservation.model.Location@68020ce9.', 'Location', '2018-08-20 16:23:48', 12, 1, 1),
	(23, 'update', 'A&#x017E;uriran je entitet: ba.telegroup.vehicles_reservation.model.Location@68020ce9 na novu vrijednost: ba.telegroup.vehicles_reservation.model.Location@d9714c9e.', 'Location', '2018-08-20 16:39:05', 12, 1, 1),
	(24, 'update', 'A&#x017E;uriran je entitet: ba.telegroup.vehicles_reservation.model.Location@f28cc04f na novu vrijednost: ba.telegroup.vehicles_reservation.model.Location@6d3fe28d.', 'Location', '2018-08-20 16:40:01', 12, 1, 1),
	(25, 'delete', 'Obrisan je entitet: ba.telegroup.vehicles_reservation.model.Location@68020d08.', 'Location', '2018-08-20 16:41:49', 12, 1, 1),
	(26, 'update', 'A&#x017E;uriran je entitet: ba.telegroup.vehicles_reservation.model.Location@68020ce9 na novu vrijednost: ba.telegroup.vehicles_reservation.model.Location@31cc8651.', 'Location', '2018-08-20 17:13:57', 12, 1, 1),
	(27, 'update', 'A&#x017E;uriran je entitet: ba.telegroup.vehicles_reservation.model.Location@8ed9084e na novu vrijednost: ba.telegroup.vehicles_reservation.model.Location@31cc8651.', 'Location', '2018-08-20 17:14:47', 12, 1, 1),
	(28, 'update', 'A&#x017E;uriran je entitet: ba.telegroup.vehicles_reservation.model.Location@8ed9084e na novu vrijednost: ba.telegroup.vehicles_reservation.model.Location@85d06e74.', 'Location', '2018-08-20 17:15:45', 12, 1, 1),
	(29, 'update', 'A&#x017E;uriran je entitet: ba.telegroup.vehicles_reservation.model.Location@612cc148 na novu vrijednost: ba.telegroup.vehicles_reservation.model.Location@31cc8651.', 'Location', '2018-08-20 17:16:32', 12, 1, 1),
	(30, 'create', 'Kreiran je novi entitet: ba.telegroup.vehicles_reservation.model.Vehicle@d12d20d7.', 'Vehicle', '2018-08-21 17:52:35', 12, 1, 1),
	(31, 'create', 'Kreiran je novi entitet: ba.telegroup.vehicles_reservation.model.VehicleModel@3e2e576', 'VehicleModel', '2018-08-21 18:04:01', 12, 0, 1),
	(32, 'create', 'Kreiran je novi entitet: ba.telegroup.vehicles_reservation.model.Vehicle@56558de7.', 'Vehicle', '2018-08-21 18:04:01', 12, 1, 1),
	(33, 'create', 'Kreiran je novi entitet: ba.telegroup.vehicles_reservation.model.VehicleManufacturer@798f1b88', 'VehicleManufacturer', '2018-08-21 18:13:17', 12, 0, 1),
	(34, 'create', 'Kreiran je novi entitet: ba.telegroup.vehicles_reservation.model.VehicleModel@87fcde99', 'VehicleModel', '2018-08-21 18:13:17', 12, 0, 1),
	(35, 'create', 'Kreiran je novi entitet: ba.telegroup.vehicles_reservation.model.Vehicle@fc68ca0a.', 'Vehicle', '2018-08-21 18:13:17', 12, 1, 1),
	(36, 'delete', 'Obrisan je entitet: ba.telegroup.vehicles_reservation.model.Vehicle@d12d2498.', 'Vehicle', '2018-08-21 18:28:20', 12, 1, 1),
	(37, 'delete', 'Obrisan je entitet: ba.telegroup.vehicles_reservation.model.Vehicle@d12d2498.', 'Vehicle', '2018-08-21 18:28:43', 12, 1, 1),
	(38, 'delete', 'Obrisan je entitet: ba.telegroup.vehicles_reservation.model.Vehicle@d12d2498.', 'Vehicle', '2018-08-21 18:29:28', 12, 1, 1),
	(39, 'delete', 'Obrisan je entitet: ba.telegroup.vehicles_reservation.model.Vehicle@fc68cdcb.', 'Vehicle', '2018-08-21 18:29:33', 12, 1, 1),
	(40, 'update', 'A&#x017E;uriran je entitet: ba.telegroup.vehicles_reservation.model.Vehicle@65718fd8 na novu vrijednost: ba.telegroup.vehicles_reservation.model.Vehicle@65718fd8.', 'Vehicle', '2018-08-21 20:13:33', 12, 1, 1),
	(41, 'update', 'A&#x017E;uriran je entitet: ba.telegroup.vehicles_reservation.model.Vehicle@f9b5fed9 na novu vrijednost: ba.telegroup.vehicles_reservation.model.Vehicle@f9b5fed9.', 'Vehicle', '2018-08-21 20:13:54', 12, 1, 1),
	(42, 'update', 'A&#x017E;uriran je entitet: ba.telegroup.vehicles_reservation.model.Vehicle@8dfa6dda na novu vrijednost: ba.telegroup.vehicles_reservation.model.Vehicle@8dfa6dda.', 'Vehicle', '2018-08-21 20:14:36', 12, 1, 1),
	(43, 'update', 'A&#x017E;uriran je entitet: ba.telegroup.vehicles_reservation.model.Vehicle@223edcdb na novu vrijednost: ba.telegroup.vehicles_reservation.model.Vehicle@223edcdb.', 'Vehicle', '2018-08-21 20:14:56', 12, 1, 1),
	(44, 'create', 'Kreiran je novi entitet: ba.telegroup.vehicles_reservation.model.VehicleManufacturer@e386ef2a', 'VehicleManufacturer', '2018-08-21 20:15:47', 12, 0, 1),
	(45, 'create', 'Kreiran je novi entitet: ba.telegroup.vehicles_reservation.model.VehicleModel@4f06231f', 'VehicleModel', '2018-08-21 20:15:47', 12, 0, 1),
	(46, 'update', 'A&#x017E;uriran je entitet: ba.telegroup.vehicles_reservation.model.Vehicle@59e26378 na novu vrijednost: ba.telegroup.vehicles_reservation.model.Vehicle@59e26378.', 'Vehicle', '2018-08-21 20:15:47', 12, 1, 1),
	(47, 'update', 'A&#x017E;uriran je entitet: ba.telegroup.vehicles_reservation.model.Vehicle@223edcdb na novu vrijednost: ba.telegroup.vehicles_reservation.model.Vehicle@223edcdb.', 'Vehicle', '2018-08-21 20:16:10', 12, 1, 1),
	(48, 'update', 'A&#x017E;uriran je entitet: ba.telegroup.vehicles_reservation.model.Vehicle@fb50b405 na novu vrijednost: ba.telegroup.vehicles_reservation.model.Vehicle@fb50b405.', 'Vehicle', '2018-08-21 20:16:55', 12, 1, 1),
	(49, 'update', 'A&#x017E;uriran je entitet: ba.telegroup.vehicles_reservation.model.Vehicle@223edcdb na novu vrijednost: ba.telegroup.vehicles_reservation.model.Vehicle@223edcdb.', 'Vehicle', '2018-08-21 20:17:19', 12, 1, 1),
	(50, 'delete', 'Obrisan je entitet: ba.telegroup.vehicles_reservation.model.VehicleMaintenance@1d93c4c4.', 'VehicleMaintenance', '2018-08-22 18:11:54', 12, 1, 1),
	(51, 'create', 'Kreiran je novi entitet: ba.telegroup.vehicles_reservation.model.VehicleMaintenance@56bf826.', 'VehicleMaintenance', '2018-08-22 19:24:38', 12, 1, 1),
	(52, 'update', 'A&#x017E;uriran je entitet: ba.telegroup.vehicles_reservation.model.VehicleMaintenance@7d7737d1 na novu vrijednost: ba.telegroup.vehicles_reservation.model.VehicleMaintenance@7d7737d1.', 'VehicleMaintenance', '2018-08-22 19:25:12', 12, 1, 1),
	(53, 'update', 'A&#x017E;uriran je entitet: ba.telegroup.vehicles_reservation.model.VehicleMaintenance@1d93c103 na novu vrijednost: ba.telegroup.vehicles_reservation.model.VehicleMaintenance@1d93c103.', 'VehicleMaintenance', '2018-08-22 19:25:17', 12, 1, 1),
	(54, 'update', 'A&#x017E;uriran je entitet: ba.telegroup.vehicles_reservation.model.VehicleMaintenance@1d93c103 na novu vrijednost: ba.telegroup.vehicles_reservation.model.VehicleMaintenance@a3740103.', 'VehicleMaintenance', '2018-08-22 19:25:24', 12, 1, 1),
	(55, 'update', 'A&#x017E;uriran je entitet: ba.telegroup.vehicles_reservation.model.VehicleMaintenance@a3740103 na novu vrijednost: ba.telegroup.vehicles_reservation.model.VehicleMaintenance@289d789e.', 'VehicleMaintenance', '2018-08-22 19:25:42', 12, 1, 1),
	(56, 'update', 'A&#x017E;uriran je entitet: ba.telegroup.vehicles_reservation.model.VehicleMaintenance@289d789e na novu vrijednost: ba.telegroup.vehicles_reservation.model.VehicleMaintenance@a3740103.', 'VehicleMaintenance', '2018-08-22 19:25:52', 12, 1, 1),
	(57, 'update', 'A&#x017E;uriran je entitet: ba.telegroup.vehicles_reservation.model.Location@8ed9084e na novu vrijednost: ba.telegroup.vehicles_reservation.model.Location@28b92ccb.', 'Location', '2018-08-23 09:37:44', 12, 1, 1),
	(58, 'update', 'A&#x017E;uriran je entitet: ba.telegroup.vehicles_reservation.model.Location@eb02b813 na novu vrijednost: ba.telegroup.vehicles_reservation.model.Location@31cc8651.', 'Location', '2018-08-23 09:38:50', 12, 1, 1),
	(59, 'create', 'Kreiran je novi entitet: ba.telegroup.vehicles_reservation.model.Location@c0fea158.', 'Location', '2018-08-23 09:43:53', 12, 1, 1),
	(60, 'update', 'A&#x017E;uriran je entitet: ba.telegroup.vehicles_reservation.model.VehicleMaintenance@a3740103 na novu vrijednost: ba.telegroup.vehicles_reservation.model.VehicleMaintenance@ee602503.', 'VehicleMaintenance', '2018-08-23 11:37:48', 12, 1, 1),
	(61, 'create', 'Kreiran je novi entitet: ba.telegroup.vehicles_reservation.model.User@8405ece.', 'User', '2018-08-23 11:59:25', 1, 1, NULL),
	(62, 'create', 'Kreiran je novi entitet: ba.telegroup.vehicles_reservation.model.User@8e81f853.', 'User', '2018-08-23 16:59:55', 1, 1, NULL),
	(63, 'create', 'Kreiran je novi entitet: ba.telegroup.vehicles_reservation.model.User@f0d3410b.', 'User', '2018-08-23 18:55:35', 1, 1, NULL);
/*!40000 ALTER TABLE `logger` ENABLE KEYS */;

-- Dumping structure for table vehicles_reservation_db.reservation
CREATE TABLE IF NOT EXISTS `reservation` (
  `id` int(11) NOT NULL AUTO_INCREMENT,
  `name` varchar(128) NOT NULL,
  `start_time` datetime NOT NULL,
  `end_time` datetime NOT NULL,
  `start_km` int(11) NOT NULL,
  `end_km` int(11) DEFAULT NULL,
  `direction` text NOT NULL,
  `deleted` tinyint(4) NOT NULL,
  `user_id` int(11) NOT NULL,
  `vehicle_id` int(11) NOT NULL,
  `company_id` int(11) NOT NULL,
  PRIMARY KEY (`id`),
  KEY `FK_reservation_user` (`user_id`),
  KEY `FK_reservation_vehicle` (`vehicle_id`),
  KEY `FK_reservation_company` (`company_id`),
  CONSTRAINT `FK_reservation_company` FOREIGN KEY (`company_id`) REFERENCES `company` (`id`),
  CONSTRAINT `FK_reservation_user` FOREIGN KEY (`user_id`) REFERENCES `user` (`id`),
  CONSTRAINT `FK_reservation_vehicle` FOREIGN KEY (`vehicle_id`) REFERENCES `vehicle` (`id`)
) ENGINE=InnoDB DEFAULT CHARSET=utf8;

-- Dumping data for table vehicles_reservation_db.reservation: ~0 rows (approximately)
/*!40000 ALTER TABLE `reservation` DISABLE KEYS */;
/*!40000 ALTER TABLE `reservation` ENABLE KEYS */;

-- Dumping structure for table vehicles_reservation_db.role
CREATE TABLE IF NOT EXISTS `role` (
  `id` int(11) NOT NULL AUTO_INCREMENT,
  `name` varchar(128) NOT NULL,
  PRIMARY KEY (`id`)
) ENGINE=InnoDB AUTO_INCREMENT=4 DEFAULT CHARSET=utf8;

-- Dumping data for table vehicles_reservation_db.role: ~2 rows (approximately)
/*!40000 ALTER TABLE `role` DISABLE KEYS */;
INSERT INTO `role` (`id`, `name`) VALUES
	(1, 'superadmin'),
	(2, 'admin'),
	(3, 'user');
/*!40000 ALTER TABLE `role` ENABLE KEYS */;

-- Dumping structure for table vehicles_reservation_db.user
CREATE TABLE IF NOT EXISTS `user` (
  `id` int(11) NOT NULL AUTO_INCREMENT,
  `email` varchar(128) NOT NULL,
  `username` varchar(128) DEFAULT NULL,
  `password` varchar(128) DEFAULT NULL,
  `first_name` varchar(128) DEFAULT NULL,
  `last_name` varchar(128) DEFAULT NULL,
  `photo` longblob DEFAULT NULL,
  `active` tinyint(4) NOT NULL,
  `deleted` tinyint(4) NOT NULL DEFAULT 0,
  `token` char(16) DEFAULT NULL,
  `token_time` datetime DEFAULT NULL,
  `company_id` int(11) DEFAULT NULL,
  `role_id` int(11) NOT NULL,
  PRIMARY KEY (`id`),
  KEY `FK_user_company` (`company_id`),
  KEY `FK_user_role` (`role_id`),
  CONSTRAINT `FK_user_company` FOREIGN KEY (`company_id`) REFERENCES `company` (`id`),
  CONSTRAINT `FK_user_role` FOREIGN KEY (`role_id`) REFERENCES `role` (`id`)
) ENGINE=InnoDB AUTO_INCREMENT=21 DEFAULT CHARSET=utf8;

-- Dumping data for table vehicles_reservation_db.user: ~3 rows (approximately)
/*!40000 ALTER TABLE `user` DISABLE KEYS */;
INSERT INTO `user` (`id`, `email`, `username`, `password`, `first_name`, `last_name`, `photo`, `active`, `deleted`, `token`, `token_time`, `company_id`, `role_id`) VALUES
	(1, 'superadmin@mail.com', 'superadmin', '0f1cbf02510b6714c483462190f2059666d6a024693072e610f99eae63572f671a1427dab7ab1400ec727520cecf6e38f0dfafdd21548a0050d362c833af2be9', 'Marko', 'Markovic', NULL, 1, 0, NULL, NULL, NULL, 1),
	(12, 'markom1995@gmail.com', 'adminTG', '0f1cbf02510b6714c483462190f2059666d6a024693072e610f99eae63572f671a1427dab7ab1400ec727520cecf6e38f0dfafdd21548a0050d362c833af2be9', 'Janko', 'Jankovic', NULL, 1, 0, NULL, NULL, 1, 2),
	(17, 'user@mail.com', 'userTG', '0f1cbf02510b6714c483462190f2059666d6a024693072e610f99eae63572f671a1427dab7ab1400ec727520cecf6e38f0dfafdd21548a0050d362c833af2be9', 'Petar', 'Petrovic', NULL, 1, 0, NULL, NULL, 1, 3);
/*!40000 ALTER TABLE `user` ENABLE KEYS */;

-- Dumping structure for table vehicles_reservation_db.vehicle
CREATE TABLE IF NOT EXISTS `vehicle` (
  `id` int(11) NOT NULL AUTO_INCREMENT,
  `license_plate` varchar(128) NOT NULL,
  `vehicle_model_id` int(11) NOT NULL,
  `year` int(11) NOT NULL,
  `engine` varchar(128) NOT NULL,
  `fuel` varchar(128) NOT NULL,
  `photo` longblob DEFAULT NULL,
  `deleted` tinyint(4) NOT NULL DEFAULT 0,
  `location_id` int(11) NOT NULL,
  `company_id` int(11) NOT NULL,
  PRIMARY KEY (`id`),
  KEY `FK_vehicle_vehicle_model` (`vehicle_model_id`),
  KEY `FK_vehicle_location` (`location_id`),
  KEY `FK_vehicle_company` (`company_id`),
  CONSTRAINT `FK_vehicle_company` FOREIGN KEY (`company_id`) REFERENCES `company` (`id`),
  CONSTRAINT `FK_vehicle_location` FOREIGN KEY (`location_id`) REFERENCES `location` (`id`),
  CONSTRAINT `FK_vehicle_vehicle_model` FOREIGN KEY (`vehicle_model_id`) REFERENCES `vehicle_model` (`id`)
) ENGINE=InnoDB AUTO_INCREMENT=6 DEFAULT CHARSET=utf8;

-- Dumping data for table vehicles_reservation_db.vehicle: ~3 rows (approximately)
/*!40000 ALTER TABLE `vehicle` DISABLE KEYS */;
INSERT INTO `vehicle` (`id`, `license_plate`, `vehicle_model_id`, `year`, `engine`, `fuel`, `photo`, `deleted`, `location_id`, `company_id`) VALUES
	(3, '132-J-245', 3, 2017, '1.9 TDI', 'Euro dizel', _binary 0xFFD8FFE000104A46494600010100000100010000FFDB0043000302020302020303030304030304050805050404050A070706080C0A0C0C0B0A0B0B0D0E12100D0E110E0B0B1016101113141515150C0F171816141812141514FFDB00430103040405040509050509140D0B0D1414141414141414141414141414141414141414141414141414141414141414141414141414141414141414141414141414FFC0001108012C012C03012200021101031101FFC4001D000002020301010100000000000000000003040205010607080009FFC4005010000201020502040207050505040806030102030411000512213106410713516122710814328191A1B1234252C1D1156282E1F0163343729224B2C2F109172544535483A23445637393A3D2D3E2FFC400190100030101010000000000000000000000000102030405FFC400281100020202020201030501010000000000000102111221033141516104132223327181910542FFDA000C03010002110311003F00F756AD8E9C6109EE3F3C452D6D9F6C1E35BF706C31D07351146FB40358DAC2E31247DCEF8C2A022E3EEB63E171BDF09A17924C59FECEC3D08C0E923260506D7DC716DF048D811A8116F4C62958242A0FBED7C155D14BA1846097DB9E313503737E7F2C46FACFCB192A391C0EE70A9A1A461C1BDAFF003C4C29046E31F1B10011F9E3E65B3724DFD30081C8B67DAE7D70490AAE9DADB604C8DAC5C9C65CFC36E7DF003D922076DB13B961C73DF02460DA9403B0EF8305DAE3031AD10119D7DBE58C14BEC7B9ED823036ED6C441F5E7DBB6124E81BD9F29B3116C0F315D541303B02878C7C2554906E79E4E23997C5472ADFED2DB9C36AC10A529F314FA816B61D8948504ED6F5C23422E585F73BF3BE1E8F55C29BE3951ACBA2440517247A632A2FEDF2EF8F9E3D201201F9620DB06DCE35D90819605C58FCF1823B8E31878C30DB9C0F5DB6BDCE12B65689EE2F738139BEADF55BD3125910368EE6F88796106F7F88E25D8102355C77B73C6052202C0A904A8E0E19274DC5AE00EF81855D5B0DC8DF6FE78783A1A6289791BE2B81E97C1F6553ABB0DB117501F6D8FA60325438940E46AB5B02540D83AEB88C5C8DDD0DCFFCC305912C2F7EDC0C42B957C8F704117ED62312620A823F1C6BB33FE8C01F0B7E3EF8C28E7706F89C7717D43EFC0C9D329B8DAD86D6869BBA032065909E6F819377DEC30666D6458127D06012DD45F6F4E712B6A8A226E198F6F5C054DC03EBEF8380746C6E39B60640FE2D3EC0E292D925B2C8DB116E3718289DF47DAC01791DC5B7C155749DB1A1957908933DC00C7E583804ECDF7DF0A2B80E09241F4F4C1D66D56BDC03ED8415E8280AA081B7DF8944AAA36DB0345B9B837C646D7B81F3C24A87B0C0150749EF81CB34AB242A1AE0937C6558E9B0388BC40CB0B5B7B9BFE1843430B312C2C6E7D705D4F7E4DF0355D22E36F6C48358DC8DF8BE0B1ED922E4B6FB0C7D6B827BE30D1EE0DB6C66EA2FB5BE7876206A199BEEC496EA2D7BDFD31F42C0335BBE32189B8F4C20F3A3E443A3E2373DB034537208EFB60CA2DEA0633A141BE174CAF02CD12B329B5C7A60AF02CBF6D75022D6F6C4F4803DBE57C662DC6F86495E5445572229D0AB6F840C32AC5D86E6C0E13A86BE64C00BF00E1D895773CFB6399E99B78277B9B1B9C607D9B9E7196361B2F7DF7C60B80876B9E31A5908113CDBE580B461AFB58FAE2624B3107638F8DB5016BE052F287440C489720007D70BCAD276E30673FB4B69B102F7C4425C5CF16EF896DB63492152D26BB6A3C63E0CF70039D58249199356DA4EDB8C0E1555041DADEB849B7A28C1F32DBB1E78C020FDA47A9C7C419B7E7B9B61976120245881B0B616A5B792D75DC3B7BF738D57467FD9260250CAFBAFBE22ABA01D20587189A0B836F4C605B75B7CF0E5740A80976284073B61777975125C95F4BE0CEB626DB0C04D88D276B9E700CC0778C90ADCE06CEE6E1989BF6C4987C57EDDB18280A93B7CAF83490B62B2D449B00E47CB0BBCB313F0C9B6189D0023BF7C2AEA751D80BFBE1A7A066CCAF61636B0FC306864D57DB738AB8B38A54B9695030EFA8618A7CEA841B99D34F73A8581C5E49134C6A2956492409A8F96DA5895237B03B7A8DC6E30CA5F6B116C2073ECBE52047571123B6AC67FB6A8946F508587201E31392614CB78775B9FCB1255057720FAE2B61CFA8F492265D36E6FCE0F16734721169577ED832414C86655C32F6A5531C9279F288818D75693626EDE836E70CC921F322E2E4DC7E180BE6B42458CCBEDFAE3E4AEA7A89A211B5CDEDF758E15FC8EA860D5797510C2559BCCBD980F845BD4F6C3BB1B8BF185457D3A124B0BFCB1F1AF8191A4D5F028B96B61D8A9FA1C55171BE32C05DB7C56A6794ACCBA5F50B7653FD31939F52A8219C8B0E749FE989C97B1D31C7D31AB100903D301A77FACC5148AB2461C06D320D2C36E08EC7014CE29DAFF00113BFF0001B60CB9AC2FB0B81DCE938324C1AA0CB2E96208DB1F192FFBB7ED85A7AC8C46199AC2FE87188F37A6D3CB1D5B0F84EF81B4812D0CEA6D17D85F0AC35AC2B5E9F43B011799E669F839B5AFEBDED8F8E6F0290096B9361F09FE989FD6E1F28B8F8BDEC77C5587F428C5A4AF6BAD880A4FB61D86512C92A8470D1B0524A901B60763DC6FCFB1C233D4AAD72B2DED65B8B1F7FEB87C55C28377B7DC71CEFF007334FF00CA187B11B6D80B937B5EDF3C0E7CD29A32BA9C8B9FE1381B6610B5C824DBFBA7169A269939412361F17BE11ABAA6A608023B97709F02EAB5CF3F2F7C4CE694CCC2CC58FB29C67EBD4A0962CD753BFC270D490E986172B622C48173885F5EF6DED8C357C263BA39D3EBA4FF004C2CF99D3B48AAAE6E45EC10EFF9627249850C6A1BEA3B5B6C2D2DB4DAF727616C464AFA76370C76FEE37381435B4EE036A6E6DBA918596C75A234151E6C323047421D96CEA45EC6D717EDE981C72BA6A056EA58D88F9E18120B33AFD9278FF2C2904EA35EBBD81627BDB7E71A27EC969BDA0F4B50B3C0B20478CB0FB320D2C3E63B623248A3511B1B71888CC695AE031D40FF00011FCB0BCB99C0A24B96247F0A13FCB19B96AACAA5763034BA5C9BB62022BBB3022DE96C462AA49626756F8493809AE446035127E5DB064D018967D1569108D8EB52FAC2FC22C46C4FA9BEDF238F80F8F9DB8B6312D7411D99D800382013811AF83CB693536953C90717921519950065DF7DF7C019C03C0FC7039260E57E3B8BDEE70B4F5D4CAFF1CC6E77E0E2558336A5A54160577FD70CC14AA58EC36C487C2D704004581C1A0B3B359B8EC31B99D8046A69E49A38E48E4923216440412A6D7B1F4C17EAC2D6B0DBD71F47410C134B2C68B134A753B0162C78B9C1C05084EAD241DCE0FE43F8231520D3BA8C112906BF5B8C4E360C01079C311FC4C70506C42A8C14BA0CB2A45AD8226A206A63C01EFED8925384961278BFF2383576590D6AC6678D5CC4E254D401B30E08F7C65D80962B02403FC8E10D6CC4B353413470BBA2C921B223100B1E76F5C18C3F06CBB7A620D470D454A4AE8A648CDD1986EBB6F6387401C13BE12062894835062071C0C11A95083B5CE0CD753EC063E74DAF7C1A16C5BC944404EC063144F4F5702CF4F2ACD138BABA1B861EA0E199230F185205BD3D710A5A45A58D5225091A8B2A28B01F2C2BA4533E68174900037F6C60D305D26C3DF0C8F8977DB19908D02FCDF0AEC5427E4DD48B006F8179F0A542D3798827652C23246A2011736F4DC6193720EDF3C47EAE8D289340F300B6AB6E07A5FF000C5F4212923BE617B58155DBF1C1D6A6199A4852556962203A0604ADF7DFD3192B7AC3CECA0DBF1C4A2A38A29E499230B24C6EEC06EC761BFAF18E66A9B355D209A014F6F6C40A8127186745D78C05B66FE58B44B159071E985279E0A501A7952152C1017214162761BF7276C3CFF1DFD30BCB46956A1658D2550C186A008041D8FCF12F6B452F93E8E4F8082B7DBB62640D876B63E600F02C78C48B0045AF6B61C5FC80ACA8145BB61648AF26AE2F8B0945EF7E3010005DB12D6F416A84A3962A97934489288D8A3686074B7A1F43FD709C2841924BD86B230FC712C7E6D942EA249B0E4E14A443A24422F776EFEF8A4E83C00A4A98330844D493473424B28746046C6C45FE62D8318C8D61BDB058696380111208D05FE1516031099AFCFE98121D8BE9D4C4E9FCB0BCE962C793E9871176DBB60130200623BDB0DED531217796313A46F22095C1D2A4D99ADCD877B5C7E38912039039B63125321A959648D1A4404239035283CD8F6E07E18832696279279C11D0D8B3C4A6604F373B1C482EAB9DBEFC6661600D89237B1C086A22FAB15044C8D90C5E711F17AE0D0C252C4391BFA76C6151858DB7F6C4E9816737EDD8E344420F530999145F015A621D45F6ED7C3AF1EA45F5185CC5F183BFE185D820B4D1902D7B8C350AF962E4DFBDB01814A2FBFA9C1226B39B9DBDB15E003B904F07B616704C89E9AB0C8378C11B9E36C2EC8432EDCB5ED88BD141025C137E36DF04D04DBD792718B820AF07D3065881EFDAD87A228132316DF71DF7C1F410C4DF6EE3122967B5F05200523F0C4B68AA0057E1BDF9C4D149005FEFC7CC9B736C6471CE1376A985182A49D238E6F88956D3BDB131F68ED8938B8DC90307918B80472C3EE188AEA2DCE246C8C7185DC9031640B9252B46FB95E3EFFF003C3606D6F4C2158FE5552B707476F9E0B0D502C14EA04F37DED8C5EE4CBAB4A870936DC58E177524F04FBE32D23A0660DAF7B017E30169986A2198FB5F0A5D94B44481B951ED88AD94917B5F7C23E5BCD348CECE8CD6006AFF0056C40A79738797EC420D98B6E49C2432C16D6E2FBF2319B9B036C2F0C8B321652C373F763E776442C0B5FF0084EF8AAA1056DEC48DF00573ACDC620F51247A58B2156E01DAF80CD50B169BDC6B3B77C2630B212A0BAD8DB9C214A184B3DD7FE2100FB61882B23915CAB7D9E49E3018A50A65248376DF9C2B1743041F8B6DF09CED7537F870D2B2BEE1B50B6169CA156B9BFAE292F200FEFBDC5F0B4C356C3E2DF065612136EC7D31175BB0EC300740AD74DF7B0C45F7B5BF3C12C403B71DB117048F7F7C3FE005664B0C048DFF00CB0D483E1270016F4BFBFAE1F42368516702E47638253AFED6F7C2BA65FE35BFAD8FF5C1608E52C595D355BF87FCF1A5FC1343B1C4D1C92BB4CCEAD60A840B2DBEEBEFEF8C14B15E413C620CB54B705E3DFD10FF005C6160AB6FF8B185ED78CDC7FF0076126FD0F5EC6945ED7DF058E20492C6DED85452D5E8169E2BF7FD91B7FDEC162A7AA0499268D8FB4447FE2C2CBC20A18A8A432C2A2395A0B303A9003700DC8DFB1E3EFC4592E57E631165ABD6409A2096F847966FFF007B0094D4C6C96911FE217B21F5F9E232F650C35234953132CAC810EA2A2D671622C76E37076B71875934E9DEC3D309A79EDF664406F7B9427F9E1A5577D219C5C7F77FCF0EC55A3E7DDF6270526EA6F84E58AA9A625268C2FF00098C9FCF5627A2A02DDA44B8E6C86DEDDF12DFC0D2181F10FEB88D253B53C211E669DB73ADED73BFB003DB01923A831308E4557FE264240FBAF8FB454E917952FEA10FF5C2DB0A1BB5AE76C0CF1CDFD8E1658AB07FC78ADDBF647FFF002C57E699E51E45BE659C505003FF00CDC8B17FDE618A4DF90A2DC47B9BEDED81181BEB31C9E7BAC6A194C42DA5C9B589DAFB58F07B9C6AD51E2B74AD3905FA932EB0E4ABEB1F8836C52661E3EF45E5C4993A9A91ED7DA28647FD30E993A378CC107D6977E57D2FDF0BC3452C534B2B4CD2A3E9D1169164039B77DFDC9C725CD7E953D0F0CA08ADA9A90A3FE1D3DAFBFBB6286B7E99DD214A4F934B54E2FC3855BFE67138C9B2949551E8620AA290E413D88C4110991BE3EDB0BED8F3155FD3A32280110652EC371F1CFF00FF00CE29AA3E9EB468E59326888F469CEFF961E32BE8567AC9A252DA828BDB9EE715F98514B52802C862218316402E4020DB7079171F7E3C913FD3E88BF9792D20FF009A67384DFE9FB5486C328A1B7A977FEB87831A67B31222834DEFCE21A6CB7DF4A8F4C78C1FE9FF0055C1C9E83E41DEE7F3C239A7D3D6699694BD0C1411C53ACD2689F4F9CA2FFB33A8120136BDB7DBE78583B1DA3DAD3C8085B0048606D7BDB0AD40324834002F7DCEF8F1B8FF00D23394C0A124C992503FF813B1FF00C16FCF0CD27FE91FE941286AAE9FCCD541FF008451FF000B91878BF289BF93D5F494B3C7552DE467466B8040B20B016E3DAFBEFB9F6C320224330040624D80F963CCD4BFFA467C32A8044B459ED2330FB4D491903F090E36FE99FA63784DD4B2E88BAAE1CBE673654CCA9E4840DBBB11A7F3C462D1499D8682068E305E569033312AF606C492A360361C0EFB77C32CB18201006DB62AB2CCDA2EA3A08AB72BCD68330A36FB33D1B8950FF89588C1674AC616334761D8C648FD7157AAA18790AC6C08274FB622D2957015FE13F7E13F2AB42FC32C605B8319FEB810FADACBF1F9457FB896BFE786A5E284C70B19A688899A35427546B6B49B580371716E76F4FBB07720DED856552029450496B900615A88E7B111680792594FF5C564C543B285D26E76C04E9DB738AE923ACF2FFDEAB1EF653F8F3845AAB3146B0A9847B18FFCF195BF2074571A4A6C4E1CA1D3A9F6237C2CA960093BFCB0E50C7A49BEFBE356D8AA89CA64696456551169051831D44DCDEE2DC71DFD7128D1988B3100700E1875045ED88AFC2BBED89BD501F45C9D44DFF960AB60A477C46200B0DB6C49C6E3D0615D0E885534CB0A98111A42CA2D231002DC6A3B03BDAFFE588C8ABA558EE430FD707B7C7EBB7180549FD929B5BE21F76F856147D52F32180C51A32B3DA42CC4695B1DC586E6F6DB6C36B704EDB60248934906DF2C1C13DF0D3F20608F8F8C4D23BDCDB7E37C62DF17A1C708F193E95341D17995574C74752C5D53D5F18D3383269A1CB4FAD448396FFF004D7E23DF4E0FDC2BA3AE756759E45D0392CB9BF5166B4D93E5D11B19EA5ED73D95472CC7B2A824F618F33F5FFD366462F0747E492187B57E630333B0F5584116F5BB35FD546384755751D76739A9CEFAA73797A97A837D3513A85869C1FDCA7847C312FCB73DC9C510A7CE7377321964A2A726E3512091ECB8D143D98CB9517DD51F48FEBCCFC3AD4BE7952ADB685730476F4D1169523E60E39C557883D54198D3E512539277213493F336C6E326434B4D4CCF5334D2850599E494816FBB1CAE6CE23ACAECC2B143C795C034A47ACFED1B8517BDF7E79E01F4C5F466B9B22BF38F1533F5964599823A9B303277FC31ABD6F8A19ABDCB4F6FF193FCB15F9BE495B996B932F84CD1C2A0C815AE45CF3BFE18ABA1E98AECC08A7AA9E8F2C8EFA9A5AA9555AC3D2E77F961646F9452B19AAF1133490ED524FC89C249D5B9CD748C9148EE7D8DB1D2321E85E8DC9689AA2B6BE9B339110B33197E1E38001DFDB19ACF0DA4CD7A60E614518A1CCA4633C5489B47E59034C447ADAC6FCDC9BFB060FEA237A39C4959D4C788656F930FEB85A5AAEA704FFD92723D40BE2BAAEB6AA3671A9E26462AF1B728C3B1C2926755482C2661F7E25B66EA4D969256F5328F8A8AA401DFCB3FD30A4B9EE730866929670AA0924C66C07BED89F4A7594796E710B66B4E331A5D569217622E3D4588DC76C751F1573EE9BCBFA2A986430538A9CD94A24910B3C710FB77F42765FBCE190F91A9634725A5EA3AFAE934A48501E48E4E2EA9B2D92A240087AB9F82A1B653E84FAFB0FCB0874D652F24B1247FEF1DB4A91B58F73FEBDB1DF3A6FA5E9321A18C44A924C546A986FBFA0F6C575A17272627299326A9CB515AABCBA146E00A72C4FDEC0E359CC6BEBA8B30781EA6431820A9472BA90F07636F6FBB1E8AADA686AA9DE2A94D74EFB3A817207A8F71C8F718E1BD7390C995D5BC52A80F472981CAF0518EC47B5ED6FF009B0AFC11C7C8E4E99F251666D12C8AF5C6370183877B11EB8154CF5946819C97DEC7CF883FE76BE36EF0DB3835794B5148DFB5A63F0DFBA9FE87F518D9A7A68EA5192545910F6617C3B1B6D3A352E84F16737E80CD22CC325CCEA720AB0C01969662617EF6753C8F9DC7B63DDBE07FD3572BEA8FAAE55D7021C9F309001166B11FFB24E78BB7F01F7FB3FF002E3C279E7414351148694942DC2F707D47AE35FC924ABCBE10E89A935159E91EE14B8D9B49FDD6BFE3DF0B4DD1B467AD9FB5F1F97514A258A41246C3523A302083DC1C0994845BD81EE6F8FCEAFA3F7D2B33AF0C0C74556F3679D25A82C9452B7EDE8BD7413C5BD3EC9ED638F7EF4875BE4FE206434F9C6435B15750CBC3A9F890F7561CA91E87194A2E3D9A263B5B25446D4BE4468D1B496919988216C78D8DCDEDE9DFD3052403833A5D74DAFDC606485276DFBEF84B4302620A3515B7DF85258959EF65FC30DC92A2A906C4DBD7035BB0BDC7E18046EB1C77DF700FBE1AA5531A9BF7F5C02160896BFB918919D8B117E38C5301D0FC9BEF80B6E0EDB61782506ABCAB932E9D76B1B5B8E78EDC73874A055B36FBF6C43452270A916F6ED89BD85EE3198892F6B0E31F4C08404F3EB875E84645B5036F5C02A429A7B1DB71EDDC6335156B4F0199DAC880963626C3EEC4730A8A7A2A379EA645869D06A795CD940189F819F6A5470137EF63825555C14349355554D1D3D3C28649659582A46A05C924EC001BDCE3CD7E2E7D35BA5BC34CC96869B2AACCEEA54DDAD22D3A05EEC4B0240E7720639CF5DF8899DFD23228A6CC69AA7A73C3950B2419248DA6A335616224A9B7115F758FBD816EC31A60D332738AF25F78ADF48ECDBC5835393741564F91746AB18EAFA9D015A9CC00D8A51DFEC27633727F76DCE38C4704396D3AE4DD3F46B040972DA77DCF2EEC7724F726E4E365AE32E68E29691453D1C4025D16CAA070147CB0C52D04397C3E5C29A47249E58FA938D52A38E7C8E5D9AE50F4C4542C269CFD66A79D6C365F90FE786A48C77C59CE3738AEAB9169E292590E94405989F41CE28C1BB399F8B5D4068E8A3CAE9DBF6F55BBDB90BFE671CABAAAB05052A65D130514FB391FBD29FB47EEFB3F71F5C5DD6E76F9C7506659E487E082E6007B1FB283EEE6DEC71CF7349DAA6B618012DA98023DC9FF003C66F7A3A22A91D6FA132265E9572E1126AF5D459D2F65EDB5FE67EFC6999D78773D6E6ED0357412AC476D5130DCD8DF66C760430D1C4A8CCB1246028D46C001C639EC9D4947166B3C8D325CB7F10EDB6267AAA39F89CA526CA4EA0E8AA9CA3A5330A896A639C2C68151232BA6CC0DEF73DAF8DE7A17395CCBA3A8EAE79029863292BB9B01A36B927DAC71599BF51D0E69D3F5B49F588EF34453ED0F4C70CCEFAC332A0E9F39141204A39A66965D1F698D9469BFA6DC6278E56DD9B4B89CF437D595F49D5BE22D74B9700B47203A9ED60DA57773F322FF007E345A992F2155F8AE6C2DDF1B2D2E575195F4FD4398A45ACAA5B5B4D884ECBBFAF7C5565393C48F15655CFA268D8B9849B5ADC5C7CF15266B16A29FC157364B5D62E6229A45F736DBDF06C929E5AE9919CB3F0147E9FEBE58BDEA2CE21A8A34A4A4D2669CE96646BD97BE18CBA95328A53248BF12A9B283C9E2C3F4C54137B66919392D9D13A03A6C085AB5D6EA3E08F6E7D4FF00AF5C75BD11D37480AB2A4886FAB48B938D368336A2CABA668E6A99129516052E09E188DC0F537BF18A93E3CE554B955565A72DACA9864B812AE95E45B83F7633DCE568E69A94BC1772758D1B7D98E73FE01FD71AEF88340B9DD165F5B129515B48D4CDAB912466CB7F700478D5A93AF32DA87556124049FF008AB61F8F18DCD18661D092BA30734798AB232907E1912FB7DE98D5F68949C5DB39874B66D2E539845531AEAF312CC84E906FC8BFCED8DE20EAAA991AED4718B9E3CD3FD31A7CF97FD5EBEA6302C23A86D3F26F887EA31B0D32A008E48DC03B9C3A37E56D5491B1267970A64A765BFF000B038A6060FF00686AA23132C55A8B3A13D9D7E17FCB41C371462A6400DF48E00C62AE89A6A9A17A585E5920A850C1012C55BE13603E60FDD8088BC95169D2D912C7D5F491141FF6A86A613700EAB53CAEBF814071BD740F5CF52F82B9F8CD7209CB52B9B555048498A7507823B1F4237185FA67A7EAA2EADC9B32ACA77A1CB6856A2A2A2A2A8794ADFB091151755B533338000BF7C433BEA4CAA333A19E3ECC2C7EEFE58A4951A26F47BF7C26F1A720F17F215ABCB2610D7462D5597CADFB585BE5DD7D186DF2C6EF21F84F6047E38FC8593ADDB2BCDFEB79257CD47549C4B4CE51BEE231D9FC30FA6AF59F4BCD0536772FFB459703665A93FB503D9F9BFCEF8C9C3D1D0A47E82CFB5EC6F6DF032256DC116C55F4D751D0F57F4F5067596CE2A28ABA059E26E0D88FB27D08DC11EA31648D2045B30E37B9EF8CA8B3718AB637623CD4173EB8CC758A24B6A07E47128E952F754009EE461848D46E40B8EE061F901849C8426C077BDF124AE0C09D40DFEFC04B29D8D8B7A62488116C0291CDB12EC61866215C2EB504FA8C624CDA224A99E3BFA061B60263B9276B9EF8D7F3BEB2C8B22A848A7AC89EA4F1043F1C8DF70C249BD20D2ECD996AA254DEA137DCDDC6DFCF1CB7E93FD452643E11E619DD2E7747944F95BA5523D5E96867B1D2632A792431B01BDC0B615EA2F19E9E8032442281BB090EB93FE91B0FCF1C8BAD7AD875A4269ABF2D4CE29B56A11E611AB4608EE148207E031BC38E49DB3294D3D1C4FA3F24A7F107A9FF00DBBEB7A748A0942CD4595C7110AE45B4CB22926C0FDA54B9B5C13BD80DE7AB3C48CB1C98A3694477B13A3B60F586A2B366829625E2C9083F76F8AD972080DDA5861DFF008A3517FBAD8E96ACC1C5329A6F16BA7A8D34869C2AF658BFCF15B53E39F4DC57B8AB27DA21FD717F3E4D960041A3A76ED7312FF4C22D96E5103164A1A6563DD6300E16243844D3733FA4364D0DFC9A2A89BFE7213F4BE347EADF1F8E7396CF470D125324ABA4BEB25ADDC76FD3BE3A3E71D47D399748D0BA413540FF00810462471F3038FBED8A496A1F371FB0CA2928213FF16A5033FF00D2361F89C2C594B8E3E8E2351D7945FD9CD4C91BA1797CC7B2FA0B2EF7F738D46BF3A49A56911CA1BDC1B1C7A5474FE47112F5712564A7F79E35B0F92816FCB14B5DD3FD28035F29A63FFD251FA0C462EECD14628E2391E7191CCEF375055574F6FB1040B70FFF003313703D80FBF1B48EA8F0D168950E5F3ABB2AF9A0C24EF6DC03AB1B157641D2B73A72AA607D971435B9174D6A3FFB3A05B7A6D84F8AFC8628D373CEABE98792D9564D1D3806E259C3331FF0DEC3EFBE357A8CCE0695A5465572756A0B637C7419B22E9F77222CB55C9ECB7C253F4BE508096A14887F79C93F85F0615D0248E79555C2663AA5D44DF724938C0AE83EA8E9231595378D945C1F623F9E3749F21CA40B4742AC7D493FD7003D3D48BB8A78D01DAC06E3EFC18329B8F456F4865B266B58D57380348000B5B6FF005BFDD8B4EA0AB4A3CCE20C408E00188BED7E7FD7CB175962D3E5B1855B0B76C7D594D929D5573E66D2544E1965A28A024AA9E3E2361EFB62EAA344C76ED94B9975550CD554D2848AA9258757C5230F2D812082BD8F07EFC01BA9E8DD4EA829C2FF007413FCF14F3F4F5399898AAA6687B6A401BF5C153A7294102F339F761FC8612934A872845ECD8B29CC326A9A95F3E184ADFF00795ADF9EC71D8B227C8C74AD4A4599E5797D2543C4CA2594235D0B5FF64BA9FF007B636DF1C169F25894FC119FFA893FAE2C532E99942E96D2361DB0F72EC99462D51D06B8745D3564D3D4E7B5B5E6409FB3CB68ACB75007DB9594EF61FB870BC9D7BD2F40BA287A6E6AA65D84999569607DCA46A87EED471A50CB74B2095D10B9B0D6E05CFA6F8B37E959A92A248A757866462AF195DD48D883EF82985C52A65A4FE29E624DA872FCB72F5ECB0D1AB91FE29359FCF15D57D77D4B5CA524CDEB0467FE1A4CC89FF482060F16428B6BA163EF8622CABCBDD6300F3B01878362FB91F08ACCBDB34AD5645AA9157924B1DF16317475455B2B492BB6FBEF6BDFE76C16A29EA8D3BAC24F996DAC6D88E5D5D2D1D14AF2C153098E3D0BF5896ECEDAAE5AC09F5B73D862B1419DED17196F8628E4399516C7F7A4FE80E2F13A0A969C7FF88427D1509FCEE3149D31D502A174B3EF7DC1C6ED4ABF588C3A9BA9C525162C9F93D01F446EBFAAA3AD9BA32AA612D0243254D1DD7E2460C0B27B8372DED63EB8F4DFD7614FB521563BDAD8F12F81350326F197A5E56D9269DE9981E0F991BA0FCD863DD6F470C8D7D09F80C70CD38C8EEC94E316BD1BD24418020918218D9A41BFBE07185B0B7DFBE0C1A34BB5C0B77BE27B241C99640D39AAF2C0A9D1E5F99DF4DEF6C6A7D67E2665DD271BD3C3FF006ECC3BC4AD6543FDE3FC86FF002C58F56F529CBE86A69A8D5A4AE11330543BC62DB31FE98E36991D164D13546632896ADBE2218DF4FF0053EF8DE1C57B918CB92BA13CDBAF3A93AB247492A6686978F268C79319F6D5C9FC4E28DF2E9A1471E68A646FB494FB16FF0099BED1FC705CF3AEA8289596365B0DAC31A2567882F99562D3522996573A55463A9452E8C6EF66C52D3D252021546AEFDC9C0A6896287CE9D85345D8B727E43BE297AABA9E93C3B8234AC2B5B9FCA81FEAE4DD6994EE0BFB9ECBF7E390750789F5F99CAEECCF239EF6E3E5E987F02BA3AC667D554746ACB0802DFBEFB9FC3B634FCD3AE628B5B1907A96638E3B9AF57573B95D2CF21E12F8D6AAE9B32CE1EF5B2318AF7F29765FF3C36A85923A3E71E30C6D23419746D984D7E50DA31F36EFF75F1AFD46659BE79F16679818203FFBB53128A47A13C9FC71490533D1C7A618B49E38C0E56AB6BFC270A9B0C8D8A9EBE87288F4D344896EE0615ABEAB6606D21FC71AD4AB52D70410308BD2D4CA6CA093ED858B0CA8BAAAEA5720FED0FDE71533E7B3543F9719791C9B055DC9C4A1C923421EB19A4B7FC343A7F1386CE7272E8CA51431D2ADB731AFC47E64EE70D418B34BC80191667511EBA964A08BD676F8BFE9E7F1B614A85CA72FB9799EBE41F72FE1FE784B32ADA8A9259E4773EE6F8A39FCD63C1B9C0E14859FA2D6AFA8AC0A411A411FF745B14F3664598963A8E314F96D4574C2286379A43FB912EA6FC06376E9BF06B35CED94CAD0D1213FBDFB5907F847C3F89C2AF436FCB668A2B1DC9D0A4FC87188969E52AAA353120D977FD31DF62FA3D41414C24984D56E07331B2FDCA3FCF1A6F5164ED924AD1468B0A836D31A803F2C37C72ED92B9137A3418329AE985DA22A3D5F6FD70493A6A67B3311E9B0BE37DE9B820AB9AD258B77C74097A2219689648D2E0B2F6FEF0C250B43CDA670987A55D85F431C58D3747CAF63A3F2BE3B42F474700DD3DB8C1D3A7638F84C5282447DC6726A7E9172A35038B187A4F4A8BA63A49CAA38ADF0DF0192954022D8AC51397939D67B926715549434F44F4694F4D7FD83C4504B762DAA46420B904D85F802DDB0CC192B4314514BA0B004B155D22E6D7B77B7CC9C6DF2C415B8BED8AFA851F59040FDD3FCB0AA86A57A285B2D551C605251AA8C5C4EBBDEC7094A77B600456FD5C06E31499FD311101FC4717EFF00EF0018967D47152D22CB3108A88598B6C3FD581C2AB2BA668B93659534D562751686FB8636BFCB1D17A7B33397D5C3139069AA4E94663B2B7A1C700EA6EBDCD733A97196B494B4286C862D99C0EE4FF2C6CBE17F5DCF9E34B906652EA9A5F8E96A1B62245DEC7DFF00CF1CF92BA474384AAD9E92CAF354E9CEB4E9CAD79BE2A6CC69E536D800245BFF00A38FD0F61BD8B9046DB1B63F202BBA9EBF36CE2089093379AA145FF7AE3F9E3F5E60121863D6A3CCD23500783DF18732C9A68D78F48DF23215880B618D1FC5FCFE2CAFA7A481E7929C48036B8982B9606EA01F5B8BFDD8461F142A2460BF5289CB10174BB5CDCDB8C685E3766F4FD470D3D1D15752CD9D3D4A65F264EE0ACD1CB248A892216B0D2780D7B7C470F8A2E52B63E4962A853A4BC6C6A8A2CDE9333A6A74CC50877CCE6AE829E2975ECA87CE6401EDFBA0906C4EDC634CEA8CC739CDE776A783EB31B5C8347550555FFF00E191F1C73C74A39BA33C11EB0AFCC9523CC4666D0AC2E84B432F953D3E93A85B50D7AB6B8161BDEF6F3AD3D2E572F51C19633451D27F6DD2E5523C5F0B2D1D05386AA6047FF119B513CDC7A63773C1D19A8292ECF5DE61D199FCEA64A8CB732A78CF324F413A20FF00132018D97C33F0FEB72FCCA1CD5522AD8575687421D75006D7F5DF1E22E9DEAACE322CB72FCDA9F3ACCE8244C8ABFA8EA968EBE588077A87A7A58859B6457589ADE8E71EDCFA27F8C9E227881479B746D464751D79D4D9165F97D7D4E7092D347315A8843F912F9D2C42574B801B55F6606F604B5CCBC92F89F866C5D49E1264796F4C67B9E66323675D52B27C396196D2CB233A6A67D8E88C2B92643B6CC6D65F8B9EF55786D0534CD1E5F4EC7CC24C7AD7758EFB13EF6ED8F426759775ED065B5B9B673E1E66997E5B430354D55557CF96F930C518D459BFF6A1F8542DF8DADB63C41D4FF48BCCBAD3A85A2A79A2CA68ABC4D3D2D44B4F1D4914B117F32A591F544A8AB13E9428EEC42D9C020E2A3CA96DEC52E272D2D17351D119765D3309EAA9D2507E2124AA0DFEF381BE4B95DACB5D444FA79E9FD71A35078C7D619B36430651D519FD04D9ECB20CBE37CC9E9E18A8E26612D6CEB0850230526F8534D960626F7071AC663E3B75D5651A5565DD6BD65511D6D61A0C969A5CFAA84F5CC080D2C816400282CA005B5D89DFE12315F7D7A12FA7F93ADC9D3D4845D6785C7A2386FD3009BA425752D1D1D54C39BC74D237E831C5733F16BAA62CCF3049BC42EA7AECB72750957531E7D54457D59BDA288F99F0C5A837C437D084DEEC062792671D5BD494D0E4B99F51E6CEF9C225666426AE95D69A86FAA38ACCC77936737DF4F95BFDA184B9EDD242FB0BD9B757E6B952543411BCD533062BE5C34B2C8430E4582F3B62B65AB9DA9E69E2CA733782104BC9F56F2D57E65C8B63A08CAFEA54D1D352525AA4C6A163417FABC56F8547A1B589F9DB9BE28AB67B44F0D5CE90E574921790902F2CABCEFCB05B6CBDD87B0BE99C9BA27EDC16D9A8D4CD5B1D2C337F663869D824514B3287736B9D85EC00DC93C6DDC818C5664F9DA46927F67D2471C89E606F3DA4B2DC8B9B28B6E0F3E98D9B20C8BA87AA333FACD16419856D54BFB3829E9A067F262E425C0E4FDA63EA4F602DD43A4FE8BBE24E7B4152EF95D3E5F049FB3792B6B630F18BDC8F2D58BDFD829C0DC9F4C58C63DA3CED36579C347AC7D51508BDC4440B7CD9FE78BF8FC20EA28F244CD73849B2ECB64234CA444ACDA9247421082C54889ECD6B1D3CE3D243E83BD6A2AD9276A3A99204F3124A58EAD90D880002299949DEF6BDFF00038D0BC6BF097ABBC2AE918334EA2826823AA8DA983544C1983AA98E28C026F658C922C2C06D7C4C93AEECA8B8DD51CA72ECD1032410A470462CA5614081ADDCDB9F99C770F0CE6A1A58566A875161737C79732CCC1A3985F717E463A7743D7C7D439E51E5B5999C5945039BD456543E858E31B9B5F963C01EA71509D18CE16779CEFA96AFAA5A4A2E9FA7530C7F0C95920F814FA0F538E739E7867415954D057E7A7FB41FFE10923537F643BE39FF00D207E90F1BBBF47786D57FD9D90D20F266CD60BAC952D6DD633C85E6EDCB1BEF6E7CB95D95D6A33543334C49D4CFBEABFA9BE339F36EBB35E3E0695B747AEE6F0EEABA5A6D6D279C85BE0980B5BD9863A2F49D60AAC9E68A4169106EA79041C7997C0AF1D2A286AE3E99EA8AA92B328AAFD9D3D4CE4B3D339E013C943C5BB6D6C7A069AA7FB3A770AE189464661FBC2D756FBC6DFE1C571CD7689E4834E99B7D5408492A2D8AD9D40B8C3199F5164D9782B559840922FDA8D09761F302F8D5B31F11F2784910A4D51EFA740FCF1AB6614CB0A817236C57CC9A96D638D72BBC4A0DB454B1A7B93738A3AAF106AE5B80CA9FF2AE22D334499B74D19EC37C57552DA6BB10B653B93F2C69753D635B21FF007C4E2B2ABA8AA26FB4E49B6FBE16486A2CDD2AEB69A2FB7329F91BE29EAB3DA64BE90CFF0075B1A7CB9A48FBEAC2CD532CBB2DDBE589C8D3137AC8E74CE2B02A215208DB1AFF008FF9C7D4A38326A77B495202BD8F082D7FC76FB89C6C7E15E5959F5D96A268BCB802ED23B01637DB6E71A11A23E2C78F34795C6E8B4F535694EAD2359522BDD893D808C7E589936A1F2C705F9EFC1BC7853F46A6EABC8B22ABAECC9B2D19CD6351D347044B23456546F365D5B0056452146E47717C719F113A42AFC2CEB9818C8932A48B3C15500D31CE9AB6751DAF660476208C7B17C32AFCCB23F077399F3487CAEA2C8B3EAB9A684EDA1C52C8081EDAA2503EEC73EFA4A78553D3FD1F7A5FA9EB611499934DE7AD131BC90D24A0599BD0174B81E8DF3B60D2AD1D49B39E787595C9D4BE29F4BD02AEBFAE66D4C8554721A5507F2BE3F5F2EB7371DFD31F989F44FE8FACCDBC5CC933555D34B93015D2B13604A8B22DFDD8AFDC0E3F4422EAF9CAFC515329FEFCB638C3924D3D1705A29728CC74E631C917953BC4AF2205E4B2A9616FBC0C70EEBEAF96A2AA5512C904A2512AC886CD1C8A6EAE3DD48047CB1D57A74F939AC26E09F2E4B1B1BFD83DFF001C697D6B454B98D7C8B2C1F1DAFE6A921B7BFF00438EDE1747373ED9CEFE9655B9EF8F5F47C9336A0C9F467D96D5C4BD411D38045498E36D357181B957056E0816208DED7C781331EA4ABFED5A89CA340EF535B2E9238F3E3D247E18FD13CAEAAABA4EB0D5D054CB03A82A6D62194F2AC0ECC3D882315F053786FE206752D3E69E1CE51579A35447117A6492092695ADA0FECDD56FF16DB0E716FE9E7CB2FD256671FA8871C57DC747E797FB595FF51AAA70E0473E5D165EE2DCC492A4807FD48BF86365E93FA40F5D7873D419BE67D3B9E4F96D5E6453EB5245B79A101097F90271FA0757F44CF0C2627EB5E1267D4A34B03F53AA62003CDAF31C53D7FD0E7C1290EA9FA4BAD689F481B39B7E41B1C8E0D1D6A499E40EA0FA6AF8BFD5DD3199F4F667D555353966634CF4D5311FDF8D85997E445C7DF8E73275C6632C5581A3456932B8B2D5297FD9C0A5361EE748BFCCFAE3DD557F432F0308FD9FFB6542DFC4CB235BF080E2B27FA1C782E036AEA2EAC8C3285B7D4E5E076DA97062C7923C6B59E215634B5B2C28D037F65459553D9AFE452E90ACA36E586C48B5F537AE1193A8A66A981E10F12D05079548B7FF007408BB1F992CE7E6C4E3D935FF0044FF000332F8A59AAFAA7A9E1836D724B4F2C680700163476038181E5DE137D1AF2093CEFF00682A3319763AB315A8A902DC59121894FC9B50F507062C4E714795FA1B295AECB5334CC299DB22CB58BCD19BE9ABA86FB1003DD9C81AADC4684F36BFAB7C39F02E68F2B8336EA8EA3A7CBB32CD1D730ABA5A1A7FED0AE37F8910C2964885AC6D33A0DC6DB6368ACF10BC00CBA9A952A29EA3A88D18B40B51979F2A1F511C5658E307D1540C54F50FD2E7A4E2805365193572C082C91AC51C483E4036DF863A2105176D9CF3E472D4517FD5D4B93FF664D97E57924D124A089B32CEAA454D6CA09B9D31A5A1809DF751236FB3A9DF1CB33DCBA9924A19449252BD04AB341E468D2ACBF641565652361B11D8635ECFBE9252E62CE29B27D00F7927BFE8B8D2332F13B34CCD8DE182207D0127F5C68E715D19A849ED9E8E97E983E25D201127546633A0ECB2474EBFFF004C698AFADFA57788D99C6637CEB3217DB50CE2BF6FFF00BEDF963CE51E7F5F2B5CCFA6FBD9500FE589CB9954B21D55121FF11C679792F03A7E7DE2F756E725BEB99DD5CA4EF6967797FEF938E7D9F6633557C7512191D8DF7031534D58FE66E79C4731AA3515005F65007DF84E4D8254C9254B283B938175266ED93F4E30898A55561D0847217B9FC3F5C0D776503926D8D7FAB2BBFB433F4A75BB454A80586FBEC4FF0021F762652D68718DC8DC3C0DF0573CF177A9E9724CA0430C9295F3AB2AB686994DEC4DB96363651B9B1E002475EA1FA2DE5DD55D259CE6593755CE95196469BE614CAB054B3B690A021263DF7BDDFE58DFFC2BE8BCE7C21CDFA2A17A8869E3656965A60196A1EB34132BBDC01A57E1896C6D64D5FBE7059BA953C31CBA7CB453F9F166BD4DF555A702F7835CED71F2D69814125B376D9E11EB6E97AEE92CEE7A6ACA77A4AA82431CD11FDD7E4116E411B82363C8ED8EE3D1FD6D515FD3B96D73B9767A7685C13C38EFF8827EFC753FA70781F1E4DD01D37D7304C18D716A592175D320403544E77DEC43A9361F6907A63CE9E14D4197A626889B88EA4E9F60547F9E257E32A264AE26FD2E6265BB124B36E77C2525596B9BFE783536495F5CA1A285B41E188B0C59D2F41554BBCCE547A28C6A959CF7146BCF544F7C2FE733B10BF11F6C6EE3A368685449532AAAFF0014AD61F9E169B36C832CB88DC4CC3B42B7FCF8C563EC9C97846AB165B5956405888F73B61A8FA5A7671E6C96DAFB61BABEB70A4AD251803F8A56FE43FAE28ABBA9EBAA3E292A453A7A25907E3CE25E2BA29293EB45E1C868E8D754CCB6F591AD85E5CDB2DA41A62FDA11DA31B7E38D700A8ACF8D239A61DDD8597FEA6B0FCF1134ECA7778C1EE13E323F41FAE165E8AC55ED97CDD4B34904891EA8622080BABED1F7FF005DF1A67871455FD41D419F4B94534D59987D52A1A08A9D0BBB06FD99B002FB2393F218867F9BC595E5F232CA1A5B1445D409D47D6DE9CE07E0DF53669D279AE615992CA20CD3EA332C2E5435AC3536C76FB2AD8CA52BD1B42356D1EC5E8BCBFA84748BF50F52A930C52C74F98450465E7AE70815352B00012A7E26245F4124EE700F11ABB33F12FA17C419736851A6A8FABD165F042EADA238AB1162014136BA73EA58FAE2E72AA19A9BC39C9A8737A868339CFF002F6AB9A6894AB0819943B1D37B1602C8C05C1536EF7274164395F49F8075355465AB6A3304A157CCAA49679CBE6D0151B93A4AA2152ABC1079E4B97452566F3E0D787B07877D2894A193FB42A6CF5730B5C301B203E8BF99B9C6F6D5302901C8BDB928C6FF009E39FC1D61661A9D5B7E6E46D603F5C59A66C6A417156601FC2B6DFDF8C6566C9568D8729917FB4693CB8E646FAC221F83608C40736F6049C739F167C53E93F0F7AF8F4D6779A2D3660F4E93ACC6173185626CA5803A4EDDF6DC6F8D91B3C999DBEACD0A5448DAD4BA1B8B9DB6B73C73B1C78C7C5DA8CB7AEBC4DCC5F3ECD6A7A57AB2824140E95D0356D0CAB19D285592F2C608DB495947F786C31AC254B461C91B96CEFEFE22F49E6B0C868FA932C9CF3615481BF026F8ACF0990E63E2552D64759491C7167146C15E5BB49F1283E5DB9E2DF7FDF8F2BE6DE16D6CD45AE933EE97CC91A1D0A7FB722A77F849FB29398DC7FCA4611E98E8EF12F22057A7A7A9846AF334E539A46D761DC68939F7C7A9F43FF41FD172BE4C6ED35FEAA3CDFAAFA15F55050BADA7FE3B3F4A7AA292820CFB3AABA5A1AE8E8A3CCE9E48E97EA93C627ABD338906BE7CE24ABA4C2EA7546BDB1BBF84F2E49555FD5D5F94B53C6D5199346D450BDCC091DE35675BFC26465924EDB30F4C7E6C52755FD24F288CB2E61D71A46C2C2698117F5DF191E3EFD22328D5E7671D4F0D87FEF3404DFF00EA8F1E3D9EAD1EF3EB2EA5349D47D6F2E4B9AD7CB574B40947514B05449512ACF3342A24869D492AB046759655DCC8DB9B62BB2CEB7CC3AA7C4FCA1F27CDAAE9728AFA18D29A2AB95BCD40F45248ACD4ADF0B0D4AAC66BDF52E8DD4DF1E1C4FA5C78D796D419A4CE2559CAD9A49F2B87511E8498C1C1297E9BDE2BD1544338ADCB7CF8A3F25647CA200CA9FC0085042EDC60B0A3DABD7B254C9F45ECFD2B6B67CD2AE09EAA06ADAB60D2C823CC1D14B1F5D2A07A63C2D52BA4800862CB7F87B6FDF07EA9FA67788FD55D299874F55CB94C141577F33EA997AC4F72FAD9858D812D724DB7B9C7213D619C161FF6E7BDB90ABFD31AC6692329F1B9793A054C323DF922F8AD9E02B7BEC31A63F55E6ECBBD7B7C8000FE985E4CFB31908D55937E37FD303E4425C6D1BA2C5B6D8622A3790EC8C7EEC69745539CCB511C90AD554B2B020057607DB4D8DF1EC1FA3575A655975552AE7990D565026F81F304CA2699A9C724950875A9E4771FA4A6698B479FE3A67005C6923B1DB076CBEAE71682966905AFFB38D9BF418F5575EF8A7D1920AC149D39045511D40921AEAC86928BCD0AD7BB233210185F63A8EF8E39D5FE2B6495D99D554C55594E590391A29C5699BCADC71E444C0F1C6C3149AF2460EECD1739E82EA9E99C9A3CE732C8330A2CA9CA85AB9E06443A812B626DC804E35B9643ACB5EF7C742EBEFA482F55F485374CD7F5355D5E4B4F1A4494541952856083E1D52C8EAD71FF002E39A51CC2AE8E1997ECB283BF3840D50E50CE5AA95EFA4463593E96C29E1453479FF89595C951179D0BD724F2C76FB48ADAD97FE952311AF93EA791E61370C63F2C1F76DBF9E369FA2852C751E3374D452BA46AD34835BAEA55FD8C9B91B5C7B625BDA4545526CF6565BD6945E3AE69D33D4B50065BD5B928969EAE987C30D7404E932C6382CAC84102FC9B5C0DB68A2E82C8F31A2CC3C45CE66F2B27E9D9AA63804CB64927D282493DD5029F9936E39E5FE1D78619074BF5B53D2E5F9FD4F5255C754B298E08D51614045EF690E9506E49FEF6361FA48759E4FD3E8733AFCB278A82A299A8D725864D715107246A75005B5E960A76B80BBF20EF74B60B62DE3C7508F197C08ADCF608244CB52880A489C5FCA485838BFF0078E924FB938F15F851115CB331537B2D45BF018F5F655D5B5D9C7D1E7A9AB697275CB3A6E4A0A9A58964F84B3185CDC017F4E493CE3CABE1D65D514F904F322A85A89E4753CB117D3C7DC77BFDD886AE484FF6ECE9937890696963A7A0CB12358D42079DAFC0B702DFAE35BCD7AEB34947EDF305A553FBB15A3FCF9FCF09C597E86F32AEF220FF00E62628BF8269C0AA7ABF26C85EE92D05230E7EAF02963F79DFF3C53933151A7A42AAB599A485E2A6ACAD73FBFE59B1FF0013587E7831E9CCC05BEB0696817D25935B0FF08FEB8A3CCFC62A61A841F59AA3EAEDA47E18D5EBBC50CC6A0914F1474E3D40B9C679C4D5426D1D14E474708BCF5951547BAC4A224FC79FCF0ACF9A659947C71C74B4CE3FE237ED24FF00A8E39256F53E695C7F6B5921BF606D8AC799E424BB1727B937C1F73D22BED7B674CCCFAF68C8F8657A87ED7DC0C6A19C755565729D2ECB17F0836FD31421FE6313135D4A9B9046336DBECD1452E8834CF3DAE76E2C31B5786D9C4193F5451CF57ABEA6640B3E8E7CA6F864B7BE92D8D46E5763B1F5FD306A6A830CCB20DAC77C2E867BE9FC4539C78AB9667B2C0F1650D9CC194D2C5A4DA3A28629538F4F8849F7E16F1161AFF0B7A6326E976CD4BD16639CCF984741A3E38A1A7050396FE17764236E51B9C71CF0D7E91190653D3B4796F5874FD667DFD9C59F2F9F2FACFAB312C81344D707500A0004702DB122F8C5775167FE29F55D4751E64ACB2CC0434B4818B0A5A70495453F7924F726FB5F1A4A4B1B22316D9D4B2AEA99A7750D235C8B5AE6D8DC68B34AB9600564361B0B838D03A6BA6EA7E00C18585F9277C744A4C940847985D8FB5FF9E39B267451D1A96AA28EA29AA35E808EAE14056E0F7E6C7E78E37E39F812BD692D467B4884D513B5744DA0B03CA4BE87E7B7BE3AD1600B484A80AA02987723D36B5B61E9EF83A54BAB494CD53F0CE843C56B5C77040EDB718E884B0ED68C27072DA7B3C099DF83FD4D46EF10A62F65285E140FAC137F888241E79E71A99F07BA963B9FA9C82DDDA3917FF0E3A6FD25723CF7A17AD9AB68EA67191575DE94C7210A87968CDAD622E6DED6E7738E474DE25F53506F0E7559191C1499BF9E06E0C84A4867FD8CEAACB0DE3334247FF0E729FA9186A1CCFC42CAAC20CEF38A70BC083327FE4F88C5E3BF5C42348EA3AC651D9CAB0FD3061E3E75816BC9994738F49A9A37FD460FC4AFCC22788FE2952D82F53F5280381F5F99FF00F16247C5CF141459FA833C71CFED4B3FEA0E20BE38F504CE15E9B289EFFC796C5FD3046F16B317169B23C865FF00968D57F4C2FC7C30B97A00FE2F7885C499B55BFAF994A8DFAA600FE2FF005B8166AFBFFCD97C1FFF00AF0D1F14EFFEF3A63276F5D2ACBFA1C41BC4EA1607CCE94A1FFE9CF28FFC5874BD85BF40478B3D5D226A6CC02B0F4A1807E91E07278A3D6127FF009BD527FF00B08233FF00DAA30593C43CA64520F4C44A4F75AA93FAE04BD7D95A91A7A7E207FBD216FD460A5EC56FD007EBEEB1AB051B3FCE597F84D5C96FD70B0A5EA2CF24B3256D6B31E6576727F3C5C43E274309FD965304447F741FE586FF00F5C55C89A6264817F85350FD08C5547CB15CFD00CBBC19EAACCD43FD416053FBF512E9FCB1B151FD1EEACE96CCFA932DA25EE356B3F81231ACCFE2A56D41BBCAA7FC04FEB8524F116A64BDEA08F65403F960FC09FD466F359E14747E528566CE330CE661CF90161887DE412714C6829E849869415A753FB35737207A5FBE35497AD659DACF3CDFA6210F532ACA19848D6E6FFF009E1B71F083197965975A558832DA7A553F14B26B61EC3FF31F862F3C09CFDFA7BC46C82B630A658AB22D01CEC4B1D1BFB7C58E7B9B66526735AD3B8D2B6D28BFC2076C3792559A4AD8DE373137EEB29DD586E0FDD8CAEDD9AA54A8FD01FA3AF4F4FE1B787FD47D7959444D75796641509A00D44688CF36D4C576E4027D316BD6DD5DF54E928B34928B2C9DA47A6A0CDA9E681648CA2950D08D40D86BD2A0F201FBF08FFEB72A7C60E9FF000DFA5B2ECB0D364B2539CC2B2A45F49AF3298A48EFDCA92E6C7F7594F7070A787F94D0F5E667D6B92D606A8CBAB339AB67495480AFE697B0BF36F84EDFC38EA8F5A23E4DFF00E9179AF4AF4F7D0C2823E948E55A291E457793E22A64B204661DC0661FE038FCE29FC4CCCA3A48A932E8928A9A2408A07C4DB0DCDF6DCE3D37F4DDEA6C9B21872EE83E968DE972F0CB5F554E242C3584291B6E762D776238B683DF1E4AA6CB247DC2DF1CDC92DD234825E456B334CCF3372F51573484FAB6178E819CDC926F8DAA93A66AEA74E888EFDED8D872EF0F6B272018F493C6A1CE30DB3439EAE544FAE198B25690EC86F8EBF95785D24EEBAF4853F082477C6ED97783AD084664D6ADC597F3FD70E988F3C43D272CE6C226F7DB16F49E1C4D527785BD05C738F4CE55E177971C97896E00DCA9B83EC0E365A6E83A3A26D12379725C728058DAFC7E3C1ED87433CC347E0CBCC14BC0401B926E31650F81B4D2359A29149ECA4EF8F5751747C0D4C104DA37D5E63A8BDF8B5BB7FAE30C419253F9BA2440091F08097BEFBFF2F9FE782D051E505FA3E53CAF668AA401C81B61FA6FA3650B292F1D43585CFC647E58F512E5411DECC5029501B4A7704DAC45F8F6BE1F8726A44BEB425986952C4066B7FAF9EDED8AB0AF679DFA7BE8FF0096504AAF1527992A588F33E2B7BEF8EAF92742C7452AAB200D70432A802C39DF1B9AD0D2E8DD56380D94146B32B11B76F6B6DBDBEFB3B49242CFE53D42E9B12BE631B5F7DB8DBE5EFDF10F634A84A97256A05D411199C15B916FBF6F9DB160F95C1336A92C5C6CD743C8E47E38147353A44C91E8665B9FB57DAF60483BF61BDB198335A85897CA28C0EEC47F177EF8543346CC3AB296054D123EE0D8201F0FC3C1206FB8FF005CE292B3C51A5A504685692E59DAC49BDAC77B73B7FE5866BB235A885D844111A61711A92C46DC6DEF8A7AEE8682AD9123875124AB22137E76FD3FD5F14266B3D67E266439F64B3E5B5B48B594B38D2E8EB7DC5F706F7522FB118F2F7546454B0D639CB0CC69C9BAA4C2ECBED71CE3D4F5BE0BC12C151A9958A9DACFF08E3B9F9EE3DF14755F47D590FECD8BB924580371BDB0211E507A4950EE847DD8194607838F4C56780322480798A14FD9566176F90BE2AEB7E8FF005488CDA14E9FB42FFEAF87A151E7E8D9A3BD87389EB73EB8ED151E06D5C67FDD9DF83A4D8E159BC16AD40D7A6652BB9DB7B7FA23026828E41A9B18B9FE1C756A8F07731841734E4C60DB58F5C2F2F8495D195B42C03706C77C0E49051CC6E6D8FAD7C7477F0B2B16FF00B162D6F4C00F86B5BDA9E42D6D5A6DDBB61390A8E7B623B63E2A7D31BF7FEAEEB092040EC7D00C41BC3DACDBF60E46DFBB87920A344B5F6C62DED8DF4F8755818034EE0F7BAE269E1A56C805A1600F6B6F82C28E7E091ED8987F7B838E8B1F84D5D226AF2ED7E2E6C7048FC16CCA6175B007826F6C16828E751C96F63DBE78662938E763718E854DE0466D560F966E7B0F5F961BA5FA3CE7339F86A829BD8298DAE7008DBFE8F1F48DABF086AE686A289339C8AA983CF432300F0CA0584F0B1D8381B10766005F80475ECC7E957D03D199557D5F46E5F9EE67D415B33D4C6337291C14F2BF24D9D8B017234285047718E15977D1D2B4D9EA6BD82EF758E3B37E38DDB28F0472EC9C45512432543B0BABCB2061F3B003D3179D2A16273C7CB736EB9CDEAB3ACEA792B733AD93CD9A57E493C0E36006C00D87031BE74D786B0165BA3163D997F0DFF3C743A0E8B486205628E20011E695365F6BEC2FB7B6365CB3268D1163448A450026B02E84F249B83FD76C437E4D28D5F2DE83A7A53286882A69B1016F6F91BFE56C6C797749D3BC41DA17079548DAF73C7EA6FB7A62E55E963F295119242A74B480EF7E5947206FE98979869E128D38476FB2449F0F2770A06FBE9C458E89D364F4811A23232C8C04910F2411B1DD5B6B9E3E5F3C374B96C91A1560CF15CDD7EC0F6B11B8DFBFBE158E79A9AADFCF04848ADE5B5C1EC78DB48EFEFEFB61C13A49233202022FC6C24FF78363BA9DF9DFF0C26C0B49614D23E1752413A4DC9B5871B8DFBDF7EFDB15F24C1AA87971168914FC4AD66047002F7BF1857FB452B58111B42C56CC19CEAB0045EC4589B5F9C42A5844C81946A50029F8493637FB5720EFEFFA5B00C68CD39A5F32DE585048451C7C57277E4F3C5F108EA26748CD4398A32D6BB91AAE4DC6D7D877B73801AC961804659234BDEC5B6BDAFF006477237DC0BDAD8135743132BB426C89B85B12E0F04EDB5F6DFF005BE181606A7CC566F3998DAEBABE0B6C001B0F86F6DF9BDCE189EA7CA2D216F24051727DADEA381617C51D6663068548A90A1652A6EB708B7B6C0FCB046CC6F1906330C6096655665524702FCEE3DFB6002DE799A1F366D5F1B10479649D3DF71DF63CDBD3E7800AB92276D8A960059B65DF7B5FE77FC715F266CEB1C656158954E977625F58E069F9DED882D7BC604324132C8D602A24465171BEE76278B5C61DEC0B5134EACA59AECA2DAA36BB36DD8DF91B8DF9F5C27292CE6C4447F78338373EC4DB6EDC76C0E5CCE50246882A6B6D0CE4B140A39B002FCDBBEFC1C4259A7620A53AC69FBBE5AC966DEDABEC9E4DF05581551473D4A2C5ACB5435D89575B30F4B1B7A717FF002CCD2D5887CAFAB08C6A3BA216775BDB9276DBB62C484A5D6B2D380C9FBAF25CFC27D05C773DFF009626D22C454D423E9670BA35390D626E5ACA4137E381BFB8C09884BCB9245262572E08628DC1039DC1DBB7FD56DB19AC82B2281445319227FDA33471ADCAEAE0B5EE4EDC5B8F4C58B551FDAAC504689203E5871BA826F7DC73FD7DF11CD27D4018844CD0A00223F02F23E11C6D63F91F5C505884A2A156590C0E8D1B2C8C5947CC8009EFCF6C04532C9022A85334A2CD3BBA80A47DA0149E6FB77BE2CA6D4EE7CE104DABE22BC136276173EDDED88C552D71511225ADA0445BE1FC0106DCF73C77C4D30D08C51AC713FEC9D181D1248E2F6039279B5F4DF8B7DC7078E78A59A6845888D4163A6E1D881A6C77B7A9389A4E60678E43E64EDB798EA1750BF173B9BFE409DAF86455C2A018A54F30DD8C88A4A5C5B705B7C02ECA9929D5E34754D6748B9D1A9B6EE3DAD637F7C4168B54801A76994FC685F955F6B5F6171C9F4F7C594F5C26510AC243EE9E694F8149FEF5C76276BF7C46095CE97124532EA60E51093AB717D5EDB7CF090C465C88206D14B76B6C932923DB7FBCF3FCF105C8E211C3AA9CF9A14162EA2D7DCD8EE3D2DB8FD317AF34CF485526769E4703CB2577E05EE791DF81C600236FACB23CAB1DED761B90A176E4EFC9F43BE0F81957FECA4758C569A182041652116F7F8791FF0097E2310A6E958E6531BC321602C19A22A97BF23B1E0FAFA818B8585A999D5E4F38AB690C082B6EDF16C6C037F0FDF881858D7A3544B70140525F91DF4D8EC4EDB9BFF53A42B2965E9EA568A53E546AA0FC29A7E2F6EDB03C5EFBFE786A6E99A5431218AE9B11A14DEDB0DB57FE67B62D6378D655547DCB8D4F7EE477F8AE40B1FC3F09B80A88EF2481A61AB5B2D945B7BE9626E39EDF860B61D14D374FD26AD34F003A50311201AEE4FF000F71EE6DBE209D39354012353450B2B9BA2AA93BEFF79F9636012BCED2475121288A2F32232837048ED7209DB63C1F7181C94ED044C669CACE8B724F039BD8DED7B1FF005BE10229F32C866869A47D048B820C6D7622F626C07BEFBF186E972979E360D1248C1AC12F6B6FE83BED8B6850C9246913CAEE5B6FAC84B58DF91BDBE77F41DB0578DC2D1CBE6DFCB24B84502C366BB13BEFE9B8C35E83C94E72C5475691C207B36B1FBA46D63E83BEFB5EFED72434552F1BA2C8AC59B6F30ABB5B636F61ED87EB2686A84624922643C096EBF05F6B11B31EFBF27118A984D50B1A4E5A273AFF0066C59588ECA7B0FF005B0C14160E5A29CCB0D30AA4D2875B0D8B016B0B6D7EE4DFB1B623145533C01E508561901BA7D9BEFF0009B73B0039E2FF0073D2AEBAB66F2838B06284162BFDD6F6E37BEFEA70A02D0CD24AD1CAAA241219049DAD6B5AC2F6BF17FBF07C0C34109A38FCD4A849540DD93ED6A51EBB58703922F7C0053D4D56A4914C91A30249707B1045AD7D80DB6F9EF8CD35AADDA466D733D9AE1C0206D6B922E0703FF2DA597C0B5064FAB4A492C43AEAD8B35FE117D81EF736FBB02423E82B8870C5F5AA28F2EF6F8BB81A4EF6FC7015935D56872BA4D99430BEA17B93BD89E2DC7CB19AA9E4967F2A2711C3180A55D0B7C02D7DFBEF72302AA9A53510F9F211A6CD711A9D7C722F71BF172460EC64AB692192ABF6AF3245A4BA9B11A45C6C4120DF61BF7FC462229A377091860CC41568BE036DBDEE05AD88C398C6E8A9A6E58162CC84056BF617B8E78F96322BBCD3E5CB18B0F8752800B824EE6C3BDB8F6DBD3079005347A215491A4D70202AF60F7076B6A6FBC726DF960F2F98A163640F1461995AE4BAA0E14802C46C78DB0B46F4F1D2C874B4EF2B5E33C145D42C06C06AE4DAFDB8C7CB5C648C2522B2211660EE188B11BEE6FEDC0F5C2024160AA89640A8622C7E1316907616041B11B5F81BDB6EC7102914B1A4E57E00DAB4B47B8EDC11EA79DF04F212482593EB218C7661121BB960773DBE1D877F96315892545453AC02F0C4BB862416BFBDEC05F6BFE78A008278EBC9D6A5A30349091DAC01BEF61BEC6C2FF9F187AA528E9A688C8E596441A7CC6074DF7E4D8DF9B71EDBE2B229902A434CBE5B29D57909006C78F52703AC905A526153239244FDCFB1E493723D3B5BBE0A02FE9E75F396381E3492DE621D6BACDC5AD6D8DEDBDB9DBF1426AA9659E52AA748623485274FB5ECC3F038AF990D581A2A0C652C16536B1B8200B03F87AFDF7C0E18B338A2548AA8903624951BF7FB4D7C0909B0904EF555513A46C5B57C3E615B93CD80F603D4F38224F51AD99DD4A9B8426537005F7B5BE7BEFC6D84E2AC6F3D163FB4C4108C4B0E76DCDB49F626DC619198C2953A5F4A93A9022A817F9FF4F61BE180531CCD1111B2952A5D6F196B93B817B9B6DC7CEF8144276F2C490C7116637895DC81DB73CF17BDBFCB06F22568A0B342C8E0B1FDE0C2FB5CDC81CF07F2E70B56C3E552A9DE28E473E5064012D600B022FE9D8F7F5C4ED00C544D0BCACD1C02345168D8B104DEFF000A1BDC1D99AC38BF37C214D04D1C131869E38C0B37965407B93CFB9007E070563254E92F22A208F42B876D2546DCF6B9F72773872595E14859C8205817248550A2E2D7B8B8DFD7BE0EC62D0554D4881833470BDCAC5292CA49F88B7C575EDCEDEDE98FA224AAB2AEB8EE1942AEA5BDF8041D873CE202AA59F42CED2146D2CE0215DC1B0FEEFAD8E0D254C13856781A0A7E1551802A2FB7727FD7B8BB56144608D8443CD86A1A31BA942DA6302E34EDB807D0FBF38226BA7A875883E96F85662C5AE07AEFB716DC7E58F98CD0C51323C75309D24AC775083B8B95BF3B7E1817D6033951AD255042AC735EFBD89161A76E79B8C1E45A27532554B24C5124959F48F3B511AB7E46E483FCAFCF18672E2C208D74E90AC6C6C5B58B83DF6BFA5B6F5DF00FAE340E8A6456D4C6CC5F91716D416E41EFBF623DAEBD3E601EBD589647F2EC2C8748B01B6C6DB5876DF637C261A199238E5598434F0C0DB02A2E188047ADBB8BED870248CA096D284D89637D4C2DEB7FC3BDB0847581A4F2A498A23D9D898CDE424F6DBE1E3DEDED8CC6645A99FE1359226A42DB344BEA6C0EFDBF0BFA6180F434F1C6CD2208D94C858B216BDB91726EBF70F4C1E92827AF4B45AE4956ED147105658C5ACDA89B03CDBB5AF7E30847E52CAE934B246E360D1D869B13A885B71DAD7076FC4DE7E84668E4BA11A80055ADCDF6BF208E2F6B1E7D5858DD35055B39151148C10DDCA6DB9B9B1039EFDEFB838C2414F346EAF22F921C3EA37DCD85AE0EC79EC3F2C56F993C88446099A45BCBE59252F7DAE2FCEE4916F5C4E8A49B308E5A6A455731AB3322A116F5FE1FE1B9EFC1B9C2186A6F220402986A0580461655BDC5FF0096FF00D30004A558D728565B927CD200BF3704DAC78EFDF009053C93EB9E3D7A7E15962D2BADBECF75F7E5B8B0B1C64D389A46172D10250D8DB8DC016B9BF3BEDDF0242B613EB938432F9C272E77127964900116171CD81171BFBE0C6A6A2A2384C6510329202B29536E352B1B11B8EDFCB015111AB47B196EC1AD2C5F0907D2FDF9DFB9C4619A2884A2A1D15D80D1761F0104F37DC5C71EFED855B1D9633BCB1488AED1C8E1351317C166B03E806FBF1CFEB89599AE92C08343152D670E0F600DBD0E12861128328D0099436A0E37241056D7B8E37B0B6C36B63E9E38E212A12E75B86689831637D80E6C36B8DF6E37DF0F42E870AC5179CCCABA51885766DEC2FB1B11603606D6DF0BC9247236B658CC91EA711A28371B5B7E4FA5CDFF00A2661A9A852049E5C4CC6563E70D89DC8E6DF7FB0F9E21588F550B346E5E352510A0B8B8236FBAE76F71E985D8CB18F308DB4B331B315F80B3315005EC07C8EDC8F9E0524F0C6587D7563BD957E0B29EDBDAD6DF9E2D7B8BED84AA689A91226F8D35A69D520D5A9BD4DADBEFC73B60F4F472D542C63892461F003158E803D4EC45AEB7EFCF382C07ACF295A7A4679CFC22EA3790DBB7AF727E585A4FAC4532C75C192752141D20DBB836E6FF0033DB0B52B53C32D4C4EAB197372654DA436255760DDEF7B8E3E7860344F4E5DA3688B9F2CA73A1AE6D617361E9B7AE0AF200454BFC40C6B18881FDD1A977E37F7F6C05E68F48758DA4BFDA1600DF71C800FA7FA38251D5811321304A54DD174EA6607D4DB71EC2C3138AA91C9493CB40C2EC047FBF636B01C6D617E37C30155835095DE35F295CD8300C4902FA59F8B5AE3FD0C4D3338562758C160CB69031B94008B6F616EDC1F4C3B2BC61BCC8610D24ABE5F991D9957E1B5D6E4DC91FA5CE16637A649628E43425DFC85F842EABDF6526C38E77E08C168560206122464E95665F8966DF48B71AAFB8B91F9FA63E8AB089E540DA4396214820016E6FC77FE5DB01A5AE60D02BC66205ADB32A2DEFC920DEC39F4DFB6F891990D528A7566754292CCE4396B82A77206DB7E1EB869813D51BCD525622F246BA9660C34AAD8962DA4DB8DAFEFF003C7D4997D55440AC2481FD58C60DFBFA8C4255955DE381631A2DF0852495B836040B587BEFF8609156E62CA7C99523406DA5AA741E3D2F8041DE9D23524010CA05ECE970A77B01B585C0F5EF827931C798CB169894449B2C49A5D88B12490383B5BB77BE0B4722C3592C93A432469F115285985C59577D8707F0E301926F3A194494F128DD7C91B190DEEDA373C0602E4736B606C742B473AC90CB2C198189F58E06BB1DEC0DEFBDB7E6D8623A09D6365855AAC1F8E7D2374D8016016E0580B0BDB02A65AD68E578C98B4465BC977171AAE3BAF36E2C05F02085FF006D24461F2ED2492053F11426DB8F8AE3DAC476185615416ADEA2A1DA3491DA4D3732380001B2EF717EDF7E314F24C91158DF5CF223111AA9248B1F846DCD9B7183CB552D54C0BC824A88C6A53AF5C8B7DF7BB5CDF6D8DFDB02991AA008557523B823E028C481B806FEB73F75AF83B0271BCF052BC4E5CE85D0E02F9DADAF75000005C81C7B1DB1F52D0CD51007452B50D750D0EDA4B1E3724EFF000DEE7F0C4D169E7B1A8A5F224F2EDAE48C91A40241245B6B8FC3B9C629FCD591A1689A99F516631856E49BFAD8FDAEFED84BD0045A4FAAC26011796C41D713A5C92C3ED1EC188F6FD3139A92346644613B1262708BA80B9B77D89C2B399EF388E10E1D42F98D129F346ADBBF3B03F8EFEA6CAD0C4B2C46258E3056D246AC74B6C2DAAFC6F7B5C1D8EC78C3BA021594D44608A069E3A76D4412C0EEA4EABEDB81C5B7DBDF0DC14D13443CA9648E4887C65941E6C79DC71DBB8189CB58C8208D92122C1DE696366D56B8DADB85DFF106FCEC18A9DD6695E558DC1DAFB1B8E391ED7E7FCF07C83013515321127926191782D1B597637E186C0DB7BE3102C6C2298C5AE45D5E601A943722DB104123BDB7F6C589A6754916599753A98CEA0AC148BD81BF00120FE03718C85F2238DC08644456D3E5FEC947008B69E381B5FB6F82AC685E5A414A229BCC64790B106395881F0EAB0DBD07CF195825333AAC00075F359A697F7801F6976B137BF1C77187A872C9AB9B4C7F59AAA82C5A214C6FE4F1AAE6E7DBE57BE04995D7C6ED04F0C92581678D890500E45C6DC0247CB9DB050039E8A3AAF8955A699C90A92EFA88B5B6D858EE7B7185925A7F3BCB6962B8B004028D7BF009BDBFC3F8EF8B5921892A5542461EF731CD0B6E74F36FDDB8F72771C6D80D5C5494F24681D9A5BDC44B7249241E41DDAFF97AE130E85E5CB44B4924B1CB1D33AB0B92A75B6F7D4C4016DFD77DFEEC2F2E48C948A9154FD8B0658E05D6C49245C6E47FAF9E1C9C338312AAC29185D7E635C5EFC9EC77BF1736184A9638D44B285855B4B0D486D7161B1636B1FC38C098861EF0538A6A859022EC0C7F1DDF9B5AE2DB6E4DAE00F6C6529E49A9B5D302EF7F84CFAC95E16E06DB73BDC76ED7BAF0BD4D345AE9E7975BB7ED1BCEB3380010A77DEE3E7CFA713334F5F468ECAB2A17D202388E4039B124EE4106FB7B01B60B0A0D514931FB1589282B6B20D43917D477F5E46D8CBE592C7E5F96D0A8562C06ABA15B820DEF63F3E70575AC8E80BD45589183154490EBB0B0B2EC00F7B7BE30B248979234D29700B46A5F761EC0F7EDCFCB0341656C94F227C314EB219D407080DAE370A483B8F9FAFDF8669A087417501D97533798EDE66AB01616B05EFC837F5C352069DA769D144C46A792242BA7E217EC2DB0B6325FCA8A1674896400A80E174ADCEC38E7F0EF86B43138DE9F327492611C65BE0B54C8C08E2E486B9B29EC3DF01FECCAAA793C981CC51A9F86A3CB04328FDEE39DEDB7FE476AA0EAB234A25A881492BBB1046EA3622D8C2D5C651A729123380B6B31E7EC9DEE0FDDB5CF7C2402AD95868D9E493CE935ED169E39173636DC91CEFDFE7F494CD2C804B4EEACCAB6DAF6707D6F703606F73B7230E4D2C12B457A89511400CB62190DAD7B1E176BFB6F88D2C948914B5095267246808A37E77BF7DBB1FE981FC0515D065330961BC528014318CDC0BFF4EF6C625698C6FE6471C816E7CB516D4A3637DF636E36F438B5FECDCCEAA26A9A4866955086696305945AFF000EAE05ADF3E30B09F4DFED8940D655CEBD6DB1173DB8B7CB02F402A294C530811DA389C28D21496DCF70781EFB71F7E214B052B52BA33B2D5F985824A802A2DB63A86FCFDC6D8612AE56A72CCE44518B285B295040B8F53C1DFF009EF88B548922BC6AF230DCA348CC09040B907E5F81C310384AD30114B25F515B13C77B83B83B03CFF4C1644A6A882CA23AA9E270CD50C48320F423DF7E0ED7BF7D811895E75F217EABA92EE1545C80373A4020707121554B13F9522AB4405D0BB17620EEAB7001BDF8E2C001860123826A296399562A87201586400A8D859BED037E76371F86174A73568B246A23DACD652D73EBB71DB6C66A33035F2C3E74619D81667FB4C174FDAB13BFA5B052934CECC8B4F22EC354A9B9D87AB7FADF0AA809558956B15D956655227765006A1C91A8DEF6DBFCB10904F5D24AEA8C8DA4DF60A42FA5BB0E3EE1EB8666A789B38A63246B2F9FA2492FF0EA245FF76D6E7B62198208A927940F8A3D361C03BDB7B73B6150C3D44D7446901677D30E8463B0E41D4C05ED727DB0BC99B4859DF540BA59A3256D7009B5CAD8F20F386F2C6FAF4CA2A009402AC7572DCEC4F3F9E059652C32C94F1CB12CC18872D20D4DEE2FFE8E0D0AC84268E8E1117C667704B16074816B016B7CCDEFCFCF138219AA5CBD2BCD533B02D246A960B6B5F61CDEC07C5C5BDF08CF7A7AB9238C94021660473B82D6F90388D4290F4C118A3FECC9906ECD7201BDEE3F018A43636F99176963A8692EB183FB3B589DC9B1BFA5F8F4C4DE57DE549A75D6C23452A3493DC004DF927D6C0EDE989D616932DFAE091E393CDF28AA390A54A31F9F23D709C74E816B1D2F148B1EBD69F689BF73FE8E250AC712B25816C44858B100461956403F7C13CEE08F4FBF0AD6D723CD1812081965297F30F20DC97201B9EE3E5DAF853331A72D59AE5984723056375047040EDC7EBEB89502AD7D353C932866906A3B9D88278F4E0613D30B2CEAAB245955D8A3797B46A086B93B0D458D8723F1E31F54255C7019C844F88798F1A92B1EDF08B9E4F1D862AF3D6FAB4F2A46AA15E28DC82A0EFB1EFF003C472F5F3689E33B58862CBB1623827B1E4F6C3EB61D96514F04B4E123686A9EEC5EAA560146C6FA40B5C5CFAF27B6F86E9E269175A55BA3EA24A48348D161DF573B0B0B6F7F7C538CE2A0A20628C5C11A8AEE01506D7F9E3ECAABBEB3566392089D6468C1B83B5FB8DF6C161D174B23D30653A5917F76417D8DFE2DF6E45AC6C7E781257CA856A753C13EAD2BE536D20E0B002E06C36B8184A0AE98874D6C74AB90C589361BE9DCEE37EF8266937D4ABE9A9A24458C53F99B8BFC41ADDF61C0F7C508352D64819E5684392082C5F76D5F0817D5DF7DEDF78C61E42CCCD322347A50124B4BF113B30507D47624EC3E5803D2255253D44FFB6A82A184AE05D6D622D616DAE7F1C5AD4B4F99E6C2927A995BEAECA126B8D76BD80371636F7185DF657655D25253D3C2AD4F3347338F30436036DB6660DB0E4DAC37B7BE3E8697CE7D4F711C4EAFAF6B2920FC26FBB0BF6D279B8C2F54C6198D3C6C6349238C315D89BB1BEDC7E5876BC353E84572469D22E06C2E4586DC7F4C1449114918AA4D6B0D42F984F94A4E955B80403607B93C8DBF39D3A472D4913858E8DB5C4ACEA34963C01B8B5EFB5F7079F4C32B0C52D3A38892297CB590BC62C58EE2C7B5AC3084656BD5BCC40A4BC484A122F726E6D7B5F61BDB050EC6FC991AAA1F3229ED131888453A77076200DF8E45B83CE2028DA5A682195C87D4015BFDA02DC5C6D63EDC7E52A48A2811A58E309228166D4C7F7EDDC9DFDF04CD14D1CB2431BB792B179850FEF1D40104F3637DEC46158C4EBC799E60762B3D42845F2D8386B9BB1B8016F61C722FF3C4034F9954A3B876890D9898C69EC00D9761C0BFCF8C4F2D6155422A8AF972C8B18263246C4B03BDEFF9E222B249208A073AB4BB0321275B29DF493E9DB6C2EC280D734E5647BAC1A142E90DA4DFDF716DB7E3B77C47EAA228E0904B72E0F9B2347A073B01B31B0DF6361F8E24256A7514EB63153898A0237D99AC09E48F847E7862BEB5EB5658D95238E36D96316B9239DF8F4DADB737C362B0114466F82A29534872D627CC507B807B6C07A738154A405754C4430093ED3EA1A780748E458B7F4C3D4F4DF51CC74472395BF9654DAC54DF6B016C12BA67AF8D0CCDAD963625AC2EF66B58FE3DB02433EAA30A98A69E308D39D227436684DEC0EA5279DB6B5F91CDB10AA8C470911B11500DF51B3315B5CDF836DF9F718A5CBAB243552A9B69669574F61A45C11F89C1F3A965823A66F35A469222A4BD8903E1E0DAFDCF3EB87A7D0ACB2A7910D22CB2512285254966B99140BDDAE7617B718FA091276887D5E32B3D83A961A010D65DCF7EFF002BE28E8EA59844DA54339049E78B1EFF00AE2C2AD15262A141324A913311B90473E97DB9C09EAC6584905388636955A078B50628492E09B5B6DB93B01BED80493C525425444112A6E5628B493244A145B627DCEE79E30850D5CD1D7CD097324618A80E6E000470381F76092D449479C53989CA945454277D209F43B7E3856C9073D54108A6BE998C8EAC6DF115B71C5EC2F7B8B77C41EA69677632B1520D82A404587B86DEF7BFAFCF12AE2EB3552BC8F30151A3F6879B824936EFF96D8955D142CEA746E46E6E77373BE1D0D1FFD9, 0, 3, 1),
	(4, '165-K-346', 4, 2018, '1.9 TDI', 'Euro dizel', _binary 0xFFD8FFE000104A46494600010100000100010000FFDB00430007050506050407060606080707080B120B0B0A0A0B160F100D121A161B1A191619181C2028221C1E261E1819233024262A2B2D2E2D1B223235312C35282C2D2CFFDB0043010E0F0F1411142715152751362E365151515151515151515151515151515151515151515151515151515151515151515151515151515151515151515151515151FFC2001108012C012C03011100021101031101FFC4001C0000020301010101000000000000000000000102030405060708FFC400190101010101010100000000000000000000000102030405FFDA000C03010002100310000000F86F3F78AE24AC6AD5ACA1AC89AB0560AE1AB1AB1C031A83000184A0000059C3E9E471256356AE5912564D5AB05639582B250C158C006A40351018028024E274F1B590D424D3892C89AB560AC72B1AB86305900C2560AD05600AC20A0049C4E9E360AC92B964B226AD582B8928AC9430563184AC60AC6A43018000001C2EBE206B2572C9644D5AB057125164386356035702B18D5C030000056020385D7C2D5AB966B224B25612B24A2C870D58C6A43568D5AB8600035006035001381D7C4D5CB224B3592B0572C86AE240B201CA121A8495C0035060AD050001404E0F5F14A592C89AC941AB958D2534D58D58E1AB18E560350635006A430180001C1EBE292CD64AC1652B1ACA0B994DB1CAD58C94A0C158C6A0D5C03182B018C000E075F14D64A0D652B5DD2EF625737596E3B60CF5A6E32EFCF9B7C5DE5A5369D69D3BF9E9C5CFA3CDE7B92B18D58C603570000C0E076F1494594ACB97BFBF1FBDEBE2DF7334B1701C6C7A3E718EFE23AF8588000DD9D7D50FA7E7A7CFF9FD0F23CFD80C904AC06A00E000383DFC4D5CB259477AF3F39E9F91EF64EC1934ED4B6971E7F3D3E698F4F8EE9E3064C094B64755AFD089D6CF7F8E70FAB873D5800E50600A0C0E077F13964B28F665D5C1EBF33C1EF8662E2B361D33A876F1E8F0AD70F7E594A0EC25B046997EDB1F613E23CBE9F97E5EE25630506386033CF77F1B5944AE7D65CFD52E3CAE7AF9588F4F2727A793CB5C0BCD2C229F57E5F4BE61AF3F377E78A22644B174CBBF3BFA0E7A7A56BCBCEDD2E7EAE6E3B73A74638603050F3FDFC4E5913B87509D279DA4BB3BD535DBDF0E274F1F87EBE395C4937B7F60F37D9E66B97968C560B09A737667A5B3539A8DCF5B7C7DC6FCFD0B8F2FCFD1871DF899EAD40003C77A7E4B95B5E9182768E7ACE6EB5AAE6179ACF6D39DFD07A79FE51DFE4DDC7E97DBFA70F19C7DBA73D3D1EF1E6A5F2D164B8ACC1728BB3BBE6AC9AAECE96B97D4FA79649E0B1DFCD4DE1B6290B98A67B89ACD61DBE529D3A7C7E8655B26EC2AB9B6742AA209AA5FA3EF86C5E7E7AF93CEB3EB8FDB7AFCFF009763D3C0E7EBDBCFD1CDD73E4F4E2D746777E76D6373D7D73F79AE1733F3CC7AB97371B2299B5CE72B5DDE8F89C531F3F7F431EAD39DCA585914563B0A626E58BD69D3D1D3BCBDE7A7E16497CDCBE4B3DF770FA3DECF5F0BBCF2B78BF3BD19DB3374F14F1EAABB783BD1878FD48A24CFAC395D9DBF47C3C87879DBD7F1FA3D0C76C8D544A6A094DC53ACD171DE5E6EB9EB9D7A3CFD1CE9793E8F8FE9BA78F0AC4D899B3D7D5CDFCEE74CB66C9AF4ACFAEDF97E5D564BDAE5F47271F7C6914DE6012F4FC2A8F1ABEA66BA571E35AD98F57639FB3A1CFD56675977CB06F8707AFCF7BF3CCF45CBE8FA1E3EFE449C4F4FC937E6A8EEA665E6AFABE5EBDF35E7AE21BE1BB5CF093E3F47135D9E7EBAA6A294DCB19576F9793A79BCA932E97B801665C7A7BBC7E96AE7DF87D7C5CEEFF2BBE73EAC3D1F9FEB57CBD9C8E9C395BF253AE76CD6DCF4F61E6FA7AF8FAF93D7CF8BAF0C9AE5CAEBE1E95E5831EBC9BF3FA4E5EE9E7AA22852672EFCDE63B7CEA2E6D8540E5BD7B601CFD5966E3DBC1F4893C457D58F88E7AFA0F3FD8E56FCF975C049CDF4F1EAF41E7F7D3AC737A79E3AC4AE326B8E1D71E6EFCEAE3D979BECBCF55481067274F22DF9B93714955CD0CC69013967356AF66F3F449CEACAB88972F764955C0CB51AE816EF97358C9AE7992C3D5A7D053E433B76F8FD18CDDB9E96B484C5BBF2ECDF9F8D73C30485CE6B9A59552011EEE3D22712BA87983CB67BEBC7510A25AB58BB5E7DB660AC72FDE6E7D219E22BF03C7A32B36B77E7AF5B97D0019D3BF3EAD79F99673B3E8CD79D179557114AAE6AB9AEC0E9C5D5F424F1ABDA4F9F4D6DCF6BB3DAD9B17A59EFED70E3EF978FE9E7EC9F57E9E3F1878697993725B1672CA5F41C7EB24134EB968D70C3735E3D79EE32DE745C55710621735DCD3735B3DCAF7E9F3A5CA630095AC96735BE6FBB7382F3F3D73500CBE59CD4D672CD7D071FAC025AC68D73A59AE768251739EE6A485CC18AAF2A6E2BB98A2B29B2248004200010000C916CD592C966BDFE3F541A49277233158AC16B48232C2099EE39FBF2D979F5CE49CFB9AD150200100000C0648B66A72CD7B9CBE9B01A3044911B525622C2D9ABB3DB87D7E768DF9760E38358D2AB9445214080063192190272CE592F6F97D2001180A8444DAB256B62DB9D68CF5C3D3C5BBA78F5D928F3472ECA1153848AAA66140CB4B8BA030D22C9A94BDAE5F4400B1842A4035B659B535B25B26E8D797A3D3C7D3B324700E5D5295A032C58266B9858CD11756A8A6B010272CE6BB5CFE82004631008164B6CD5AB64D59374EFCDB75E4EC5C64AE11CC2050901974B329B325C42CBCDB1A932DBCF2A24B397B5CBE8201A30010D520B36AD96D6ED9A85E176FCBDBBCEB38273960B4B3521574B358A576537233B8BCCB580A4094BDBE5F405068022050060D4D672DCDABCACD79BAF79B4E39CF5AD6B2B48A58B6888A069B9D4CD3663AC2670252F6B97D0000772081486A02C964B39A2F396B86FBCEC4E7D639613502BB94922D94A8A24DB5E8628B9F3773CC4A699397B1CBE8200B0491110D584A0D64AE52E27AE5AAF3B59C66558CDC4AD92C944D5D4504DB676212F2D3976672D9D2FCF594D82A0923228280AE0B48928366779E8B876664A2573A42E608248912105CED3799CC4B44A4EB64EA2D6C46C159241010950C064E681593BCEF61550954D36E0CC5963244810B36A5A65334B16ECCF69341FFFC400341000010402010205030304010403000000010002030405110612210710133151142041225261152330323316243481424371FFDA0008010100010900EA77CECFC827E439DF3D47E767E438FCECFC82EF9D9F905DF209F9D9F9EA3F3B3F3B3F3B77C827E7A8FCEDDF3B3F3B3F3B3F3B3F3B3F3B3F3B3F3B3F3B3F3B3F3B3F3B3F3B3F3B77CECFCECFCF51F9D9FDC8043C82080402D20100B5F601E602D2D2D2D2D796BCF5E5EEB4B5D96B4B4B5E5DD01E43C87900B480407D8101E5A402D796BCF4805A5A5F95F95A5A5A5A5A5A5A5A5A43ECD2010080407D80798080F3D796BCB480F2D6D696BF8D2D2D7D9AF3D798402010080FB40D796901E7AF3D79696900B4B5FE503C80402035F60080D0F203CC0FB34876402D2D21F6E9696969696BCB4B48041008041A87980B5A5F840796BECD2D76F201696BEC01696BFC202010083501E7A5AF20100B4B4B4B4B4805A5A5A5AF2D2D2D2EDE5A5A5A5D2B4B4B4BA56969008041A80F20101D90080402240705A5AF2EDF23480402D7980B5E7A5A5A5A5A5A5A5A5A5D2B4BA56906A0DD79E9009AD2E3A02AE1EEDBFF008A06F17BA06DE1B81E83FA9EDC774B48656FA2C9359D51625F93731E637452E6678BB8964E5D762ECDBAEE6F9269ED759E2064D9FEC99E24CCD3FDFC0C1E2271A9BB6438453CCF85994D366755F0E3199E88C9C639465FC3DE4D856BA4B38B2D2D71691A5A5A402D2D2D2E95A5AFB805AF203CAB40EB13B63688EB33D6829D06C5C12B680B991838860601DB199482A62B056C53A8DC162E3AF1C471D638B62663D51C396C4CB04246560E61C3E4A30C791A560821C410DEFF009DF75B28ED3490EECAA5B9E9CCD9AB58E21E3AF21C3399065DD1C1C1FC4FA26C565CAFC36CCF18EA9FD3E920F71A5A5A5AFB34B4B4B5F66900B4805C66A55BB71F4A7931BC82D60B251DC9A2A3E2ED6E86FD65483C4FC04FA06EE539AE32E3A36B6F45C9EB5984BA1B0DCD30FBB864E278EE6F7D3E1A496711737E2270B6D96A9BFD90F27F60139BD0E042D907DD9210B119CBB88B91DAA563C3AF1762CD46DA1913C9BC2DC4F2389D770072D84BF83BF253BF5C0F3D2D2D2D79E9696BC805A4D692E000C178659DCB3A29278397F06C8719BBFD468B73D811CB9872D8A372859A33986D56E804A8DA04532E9E93D4D757CC652B6BD2BD0735CD41A0E91BCCEC64F1D6EB4D5F8D66B1591AB2F1EC84FCAF8CDCE39979AADA8BA7DBBB583F2A423A74987AA22D29AE2E01AD6B1AD69FEF112301ECEAD6CC32B5F1C9E1EF8A92BDF154BF25B8F07CDF1629E4E2E71C0F27C26733CC8771D96BEDD2D7D80208040BD9FAE37E0FC58E4B870229ACF1BF1838D64EB0AD92839F70FC55084F24E2790ADCB667C22BE5294F82E0B9B639D1AB7E15E5A289D2632E6470197C53F57B1B622C6C30B7D0B725A7B3D9D56E3CB2C1F4A398D599AF0EC44D57C44E30CC3DA59BC0DCC1DE920B10077F2E3B29AC738E9AD31BDA7FD0B5EE3ECCA7624FF4823C45D77B57A18FBD5E46BC57C4F8819EC5B99FF652F8DF939F1D2D1BDC6788718932B76C194E778CD4C3C8CEBC8CB82BECAFF530C7AEE805AFBB6DFDC0B7F702DFDCDD741EE636900106BEBBB0B269E2696AF5C93ECC9FF9AF725AEFEB865A9CCB2F5DBD0E9F2D1E27296E7B77B1B7A87A0E2E8E2C5626C64E711D7190C5DE8277365830F62EE22486CC628725E3FCD31F143C8EA643C21A0EB1D787B590E2F630D2FA77B1871F5DFF00EA3FA6C8D1B60719A0F70DB6FEDB7898BBDDCD97483FA93E2EA58CE5394C574B3D4C2F37C2E49BF4D7859F0DEA587FF50E357F30EC8E22510F33C0BF031DCAAFB981B7D6DFDFD6CFDDEA33F7FA8CFDFEA33F7FA8CFDE231F1E98F8110FC0C3C78CAD403F233DDACDAF236489CD8BA8215D49577F8150F58EA73E0B4C9DFE9A65823DD47699B1D4B8EE4FC3B998D8B2B4799E1EAE0F99DBAF84B58E8ECD5B2DB05FC4F173E63C3E75EBF953C7F8840D2CA5CAEA56FA5737E83947D6DCB158C5720C8F18AB397498C9EC47263E631DFAD1C26D337566B14D9D47A992432467B113907BA64E0FB16CDF2B6D29EC0B0BC9F31C7A40EC7DBE39E2CE2B2F0FD0F20AF9AF0B285E7B72FC3EFE57113DFC91A39CA591C25CC4D8F42F5635C7ED35DBFB4D667ED359BFB44407E1B181F80C1F18EE3F7B927D45A6C356C4D8A0FAB20FAF8E0A824432961FDC26E46CFE40C9B811D50EE9BE73298F50C9FEAF7553EE0BA37B56CB4EF552F9AB335E21C378CD62941155B38AB396F0F7963CBECD7B5E184569865C2E7329C3B3B8725D2D5C1C795CB722C7618DCCA783D0C913994333CAFC35CCF1B904AFAF166AED5022C840CAF89CAB3AAA59C8E0ADD277F7617B1D19EE1B3387E593A6C9BFC945BB582E5797E3B2834ECC5E24D1CE546C195AB5AD627311FF004FBEFCF61C62320628E62116ED741423419DBD83405C7E5F42C6426ACEB96CDE8AC348ACFF0059AD04B1800D9519611D9CE8F60108C5FC1877F80C7B3FD5FEB4EDF777D47EE8DA6395C034B9A5874543D64FB50B56EABFAAB4B539D65EB0E89259F92D29E78322DA54BC53B961E3D119EE715736DAF6239325571D7E2135575CC0CF1BCCB0D6A190CBE1D8F8EC57A9C4B11CDABBDF809737C732183B8EAF72B0D83A2A379D26BB69EF0C61727DB6B2064CF7326618FD51237353CD2FA18F71AAFAF8C6D59ED96AE95D3FCE9009FF00F1380393BD8CC955664F17672B9EC037884D81A5529C9A91EDDE2AEE26BD66CD6649395C4E1D31DA96F436475399FA09FEDBC31AEEC9F0EBF0E8C84F6765D24C80353A2A8C243A59F3F8A8242DF571F98A16E40D867B151D234C90A126CE9656B98889E1761F9656B78EAF632D1E1F95C152ECE6CE223A5058BD73254EFE0F33CA2FB9F0E2AE3ECF21C166E2C89190E4FE20727C496498FBB0F20AF61CC9F1666CBB08DE36AC79D9676365C4CBC5A665332D8CCF8218D8DFE1EF35AB7A9E6F1584F4864E8D9E217DF06461A784C3CC3EAB33319EC1690482BB8F2ECBF2B5B1A5C7E8D47E42C493B392FD4414AB4D1B2297D39BA9719CF616848E66630BC938F6272FE9E43844C67B94E67453B2BE6B64090C17FF004B7A9436639068A7C235B0A48D4EE111255FB2F965F458A2C59E906795F8D6346E3978E721961B2CA3907E66806B05C884910B10963C5875BC4DA162B4753944355F23862EB65E18DC1EC9F8EF2718373A6C49CF64323C8B28EBB96C8B728EAAE6D6C48C3499FA78F8C58C48CB92EDC9C464C4F22B16E47D0BF7B88738B757AA63E14E663A7CA25C1E5A5E7BC5DFC3EC3B14F56EF37118D6E1B1EDC65BF4A7E973ACB81B0E7B5177F05FDFD86FE02D8F89E699B8BB58EAEB3F92745828B10FF28C7B94C95D1B839AE672CB56206D6CAC5F41C6727FF8D6DDC533D46BBACD2656CA06BBA2415721FEAD71796C80E964DC5B280B1B5E596C46218B33C7E5E2996C657CD4798B34A867EED2FE9F91C05B8B095B34D8F8A66E1BF49D4AFBEE45F4D3BA30EB526B6772FA0F3FDC83E8E9BCFB33070CDFF1DAADC41D338755DC26171F87607C2CB92B8EC9333DCA57952485A761D7ABBA7B02C30DF7E5339908EFE66D4A24965748E0FB0CAF3B4930CB24B031D2B3616C2EDF3FFBD2BC586BB98F135578712D3D3D27F50EDA1A1E41E5BDC1AB91B14EC367AF2FFD5F66E103295DAEC0CBB35DE6D8AB3362FA9BD2FAF3F71532D670524390A4EE6E60E65E1E57CCD40FC3C9CAF98D2F48F34E4F88E25C3FFA5B6BB276D5B50D98919DF342E7355898B97B95A4C95D19EC69E4487004D6CCD6863FD6EB1C83D43A6472E42C4A48EA64166C1ECD7D56C0373CB2DFC54275F556335B3FD8AD3DDB16361D2D18D8FB2D323D80B181A64DAFFD7BFE3BAEEAC446694355AC73639226B5B72A189C5DA6451BD8416BEAB87769702D3A7027C826B9CD3D8FAA1C35231B2B033F4986B61EEE3208E6CA70D7DAC3B2C516DAC4E59DC66594BEADC8A1FAF932BCB2CE4B3CECED135FE87097C44D73642E76D05B5EE86F6005469FAF238196CE42B510E8CD37E76D9DFA7625BF7ACEC4B68B403FA9B0433DA904759987F0AF95E5CB5DFD2F05E046362918FCE657298D8A2E5191AD5DB3DDACC97A5AE176077FF36CAD70DB5DB08F7FC1FF00F2BC61CFDEA6843B448CC40040069AC202EE06B4F6877621F5C7BB49639BEE102BB23DB4B86F18C4724C33E5BAACF875C3A8E26C4F6EDDFC3491632BC5364B1982E29CDB10E657AB95F0FB2BC7E3BB69CEA4FF00D4E6F96FCEF492560C6B142D078C4AF13D3E3D6EA602D64AFB3D09DECDB629A37377D71F1AF0CB8C4181C7DCB18DB70B30F8A3FD2AA52AF98B792A976D9CBF893C6B005C24BB7325F5572C4EC6077CA618CFFB268AFAEF292BA9752ACED273C74ACA3BAE2E909B57FB7D4A58747B07469CC28B7B2742D3F8742E6FB2EE3DC6D617236EB7D453AB6B175DD6394C66FC7C1AD3ED705E577274CC859CAB467284B98F113FAEF009EA4F5E07F44C0A6C81C7B10013EED630FE0C63E31C4167A2E770BE1F8DCCE67E9E3C9734E0F9AC5E5E78B27958B8ECF6EC7A5113E1F495EBFAB72C5AF1778761B175AAD7932DE3BE4A60E66271994E5F9BCFB89C964414D2134A056D6FF8EDF1DBE2BB86D484748015A6F505A1E9852C40F7D4916BF0E8916046345A9CD04770E887E0B98E6AA9978ACD4B30591C52BB6B7089EA44FA38FB98CB715E7CB99C8457EFC9256AF1F61B440DF65DC7B3C4B28F6945A9C7FF006B3216233DA4AFC8ED4041120F1332CEAADAD664B7CFB353B0B2B3EC5AB16A432589FF003E4D3A29AEEC8140A6B902BA9752EAFE6393457ABB1DD4C411EC0E869386D48027B422C0518BE13A13AF67467E1D1945BA4636B8770DFA883FE29247C92BBAA4781DFBA27ED3FE069D14D721B40A0E3A5D4B6BA935DA2BD4EDEFEA6D17845E8E8FE1CCDFE0C68306FD844D23DA4ABBF60FA643495347D2ED2A95BD599AD2ACD4AF5CB6357687A641E974041EC8B4B7F1BFF16BC8269D141C8396D7505D5FCF520F5D6BAD17691721220EEA44041A9A131BB28D70F6EB57ABF4CFAD63EB9F559B59380BE563827D336800E566B98DEE09EDD22D07F1E96FD898DC3F1AFB74805D27E0464A31103DBD8A0502BA8ADADAEAFE7A97515D651715D4BA931C83B6103DD02531DA51C8AE37AA71B54E21A1A12D6EB1B2A367430AC9347AEE3A9189CDEE80F22C07F06007D8B99D251EDE43DD319B41814716D4AC0D1A4F1A29A534ADADADF96FEE0749AE40A053502429BF53F6A8BBB05EEC52BFA4157F6E7929E3BA7B16BC80EE9A1491750DA7B082B49AA31B51B76546CD0538527BA1D934F96D6D6D6D6D6D6D6D6D6D029AE4D29A503D9483F52A4FD10A3FD4CDAB23DD5D6F729CDEE9CCEC9CDD144268EE98116A9220E09F11694028B7B50B0ED74E9AA61EEA51A3E40A07B2DADF903F6EFC81D26B935E9AF41DD93CF7559FD242AAF0E67BDBD695B1DCA77BA70EC9EDEE88FE07BA62F709C13A30EF70FAE77B098C20F7508EC113D94BA2A61DFC87F836B7F602814D726BBB273942F1D4155780D5664047B59703B4FD6D14E09C101DD3100884426A8ABB653AD0C73837604B0B983B897B6D4BEE8A0B5E7B5B5BDF91F3DF96D028141DD917FF0031BF4EF7826EDEF2484B54EE29E76B49C111E4D0804422101DD54DF5055435CC01CAF546969205B81CC254BB051F74020C76BD96D6FEC2B6B6B7E60A056D6D375BF688809D268299E4A71D9F2722169043C8A6FBAAA3F5050BFA5AA69B6345580D76F626AE09ECBE8C92994C210340D79ED6D0F23E7B5B5B40ADADADA61EE98539DD9487DFB93DD0F64EF31E40221347755C7708481AD534CA591176D350F2289F2D2FC791FB3F1E410456FBA694D3D93D3CA3EE87B277984DF7F36FBA8BB0EC9CE3A5238A794137DBCFFFC4002F11000202010303030401020700000000000001021103122131041020304151132232401460710542505291A1C1FFDA0008010301013F00FD7AF3A28A28A28AFEA8AFEBEAF4A3F1E857EF3D9FF7FF0043D2FDC73C6B991F5F0FFB879B04B9647262970FFECA8125044A505EE3C90F91E55ED23EBC970C5D4CD7B8BAB97B8BAC5EE887518E5EFF00ACB77466EA9A7A71FF00C929CA5BB7E38FA89C36E51920B3475C06ABCE88669E3E198BAA8CF696CFF532DAC6DC7D0C591E395A3363538FD4879DF671F8317532C7B728C7963915C7F45BA2334FED33E178DEDC78D143474F974BD2F86751874BD4B8EC90FC2CB1D31370768C3D5A96D3F5E4529724B0CB98B314A4FED9A27D2639F1B13E8A71FC77250943F255E5D3E55923A2466C0F1BB5C79531424F842C391FF958BA5CCFD8FE1E4F720A7876D4473A7C8A717EFE8DAEF27B884BE04DA350A45A7C92E9B14FD8CBD14A3BC37258E71FC977849C1EA443EF86A870CFA389BDD51FC68FB23E8C57B1A20BD8518FC0A9098996344B0C592C325C0B235B4884EFF06472AE25B168B45A2D168B4694693412928909589965D8E911C9272AAD85214D193EA3E19284A32AA31E155F7232460A7A7498A5284694761C93E5168B2FE50A31970C78E4BB6A1484FB344B1A9724F038EF12399ADA646AB6E054F834A349A11A1145091395BB662C9A5D1AB6B14996CD4698DDD1659B143F825813776463961C3B165F692153FC599E52841B23D4648FB91EAE32FC9518F3AF66271992C7EE869A1485213ED44B1A9723C4E3C0DCA2ED18E6A6AFC28A287BEFDB14B5212150D1A4D2576DCD42762B293E478A2CCD89CB1B4BBA75C10EA67031F578F26D3D993969DE5BAF95FF00A3826AE3D9313252D2AC5D641BDD0A516B55EC67CE9FDB03A39FDD451457797E2FBE195119C3993165C4FDCFB5F1DA931C4686862743EAA11DACC79E13D932CB3ABC3A25A970FC619670549EC43A89C1DA1F5737EC8FE5CFE11FCC9FC225D5CDAAEDB8A2E4E91871471D37CF9B54EBB45D31A4F75D94E51E190EA9AFC8C79E322324C711A24E8CD91B7A577E9BA9DF44CB2705923A6466E9DE376B8F151727488745964AC7D06543E8F2A258A71E5778416255EE5907712CBF0EA61A65A97BF859B14C4E8C7D44A3C98BA88CB81D3333A6376EFC3A5CBAD53E50F626C9283E51F4B1B174B1971223FE1EDBFC8C1D1431F24B6449B1B1B33E2D5F747930E09392725B124DBB2738C5981DC13F1665A6A98E35E29D1ABE4A4F829ADD18BAA6B6919B2296EBC7164FA734C73B44E56365919518F291EA2296E4BA96F843C9266FEE3C98E3CB25D4C171B92EAE4F844B24A5CBED8569C6978B328D0D14871F14E8D5F25AADBCB14F5406C7DD325954361F5337C0F3647EE3937CBEF6598F1B97F61668C3ED62CF07EE2945F0FBB320C68D234343895E8D98A55B17E1964E3B2F1BEFA5B3EA4EAB8ECABDC4B1FCF766443425B8A1B0E2388D1434579D1174C521245229108C64A999FA3C7186B88BA184E1AE121F4AD3AB1E3C11E657FD8A285E832489222B71703434388E2389434515E76CD52F93EA4BE459A6BDC5D5665C48FE464BB4C94A52FC9DF8A7E3659631A121318D1450E2380E257668AFD15E17E0FBDF6A28A2871B1E2271A7DE8AFD04FC2CB2FC6FC2848514D19E34FCE8AFD85E084CCFC8FC6BBD15E9AF51775DB2EE3F49AFD742176C887E9B435FAD6265990978D0D7950D7EB2659325DEBD3A1AFD5B24490D775EA3435E15EBD8C63ED4210FD3A348A02C42C6BD7B18FC1767E9D09115FA4C7E0BB3F37E0842EFFFC400251100020200050403010100000000000000000102111012202131033041511340506080FFDA0008010201013F00FF000A3FE26CA6FC1965E8CB3438C8DC5624CCACCA643E343E9990716BEB323D3BDE424971A6504C4DC5D3ECB8A64A0D71F523CEFD892B445D3A7D9B2504C945AFA4D3A232CCB5589938DA212BD9E2B45158724BA75C77D1C7029AF2492E50BA8D0BAA9F2269F1AA71A7688CEF5DA1C97B33C4F910EA5E0701A6BB8B1A45147029C911EADF229278B57B0DA4E99725C333BF2662D9BE35858A42922BD0D7B1C7D69AC2CBC12B18F4348711A2393C9699297A236D5D92516EEC49AE1E14516D722927851456162950A49F238FA1D96596597A16C495E145228DF1A28A1751AF037097264F4CDD7288D3638A63835C1281BC45339286B427466BE706AB45E96A86F0B2CB2CBD0D0ACCCD1192B2B1704C9749AE08EFC0A5E1E0D142567C6CA774421ECEA2DACBD2B9C64869F832C8DF0E0B2F428B1C5A1A28E9CAD569714C704CC88C88F8D0A0B449B7B765AB38C2931C3D0E1438FA13131115E719C3CAC13A7688CEF9D3743EAC51F3445D48B1493C5BCD835BEA83B42C6B0BC1C2C940E08F1A7A91A782426D1999F235E07D64BC13EB39702DD914242445D6C4A6AA90849B25CEA897AA8DCBB250BE08AAD3256A8511689447D26D8BA35C8A091B14DF81418BA68492C24EDEA8E365EAAD7254F55599119515A5BA32B7B99595A16378DF6E4B4C55E0B5594B1DF42C6CB2F1B2FB0CAD126D6E47ACDBA67CCD3A68CE5CDF8EE216BBC6FB348CA8CA87D38BF0648FA16DC7D6B2F1B2FF000ACB168BFC065917F8AC8F6AFEE47F197E321776FEC2FC65FB3658E45FF1BFFFC4004610000201020305050408030409050000000102030011042131124151618105132271911020A1B1142332425262C1D140439215305072245363708283A2C2E1066093B2F0FFDA00080101000A3F003468D1F5A3468D1A3468D1A3468D1A3468D1A3468D1A3468D1A3468D1A3468FAD1F5A3EB47F8FD3FDFB6B97F81127953B0E4A4FCA923FF003CD1A7CDAFF0AC348787D22FFF00D45766B1E2D3127E35869546F80472FCAE6A38641915681411F0A45FF96A3F4A41FF002D3F6A888E70467FEDAC04BFE7C0447FEDAEC1C50DFB58329F146158717D5B078C9633E8C5ABFF0050762B9DE4A62231E82F586ED01A84910ABF5B13F2A95E15D658BC6BF0A208D41FE149B9B65AD219A460A2423683316D9C86F033CF7D8D6371846EEF3617A01A7AD4121E32DE43FF00513587C3B188EC88A355F13781741CEB08DDDA05DA30A926C2DADA9B0CFB9A162A457F6CE0465DF01B38984710D9DC0E06E2BE9DD9B35FBAC428D3F238FBAC387CEAC47BB7A970D2AE61E372A475147B5B0BA1666B4AA3CF7F5F5A8F078D23392250AEAC7F1A6FFD78D7D2F037CB1308BA8FF37E1EB9733441E7FC1B4736261748194DAD2153B173E7F3A134F866D911B786D65D90395AE6A58D8EA519580F5B5774C7748A4544D11C4C45C861922D9BE62A392FA6CB03ECC8D09FB1F1A4263B097E3A3AF0617C8D7D23B3B14BDE61A71A3A703C181C88F735ABA9CC7B5E0950DC329FFF005E9531656C54FD99472FDAA3C0E308B9809B44E797E03E59721AD3C1347AAB0B65C798E632FE02E4E400AFA1E19EC4B487C56E43F7A79B00841EF105CC2DC1BF7A418F617C561090BB6DF8D6FC787A70A930F20C8ABA907E3ECDC051561A5B2353003716BFCEA2980FC699FC2D4B1DA1662CAD7DDC2AFD978A3B51C8C3C5859740FE4743EB45590EA33046E20F03ECBFB33198AB9AD90778CEDD2AFD28AB29B820D88343BF1907FC638F9D07201EEE5536923277A9DDE5A1DE2BE95D93235A2C6A0B004E8B20FBA79E87E1FDFB248966565E37E3BABE9918C8ACEB736E4DAD0ECF661B2C24F1C6DD7F7A87E8D7065820947D5DCFDA4B1D33D2B0DDA987D0A4E82FD0DB5E76AC4F62E20824007692FC378F9560FB5216D1A3902FCCDBE3589C3FE678C853E474340CC00DB5963B806D9D8AB1CBCC561D87E541FA8A5D968CA315CAD7D32AD923E340F6CE156D8494E664419EC31E59D491EC310CAC2C54FB493CA88A63D2A46E614D4BFD0C7E42B129229B861E103D6965D8005DA4D9BFA56031586994A491CD8962AEA7711B353E07B3EFB712346645009FB21C904DBCA992393492481BBB1C8BADC03E74B8CC37FAEC2B09507995D3AFF723D687AD0F5ACB95037A22891447B1E26E28C47CA971319D525506FD75A94B4B62060B614A1B6791B6D0EB58848FFDAA5ADD6919EC7654B85B9009DFE54C02E5E121BE55342D1B060E011B2771A5388D9D91884F0907CFF7A8A612A964598581B6A2E37EFF005A110DCEAA083D6954F341FB54647200532F953FF51A27DC188857F972676F23AD7D11DC6CB2CC018DBAE9EB4FD918B61B40C2E7BA6E834E9972A5C421365ED0C2011B9EA06CB793006876961D06DBC5B3B388847E64DE39ADC52FAD2FAD2FAD2FAD2FAD2FA8F722876BEC2C8D6BD0781F3041B81E47DC2ABBCDAF6A8B11865FE6C4E1BD46A3A8F66552C2CC2CC6425D4F515DFE0247EFB072235C8439817E2BA74A3F485FE603737F3AC6E1A27320914AABA3A0D5ADB37B7ED48AA09C9F0B201EB6AECE9429BA8690A58FFC42B0D8E898598E1E557FFA6F7F4BD77329CFB8945BA58E62A4C3B7E38FC4A7A7FE6A3C58DEAB930FF84E74D130D72AB8F799501B989BC487A54586320D96DA1B50BF9DF4EBEB5F40C60FAC48C49F564EED9619AFC450ECAEDD26CB395D987147F35B20C7F10C8EF1BE9A07DD7191F22323EE0F71A610465CA06036235D5B33A533E1DBEE36A9CC7ED41EF928BEB4AA385A94F4AF435B2C75B8A53D7D97AB11BEA296C7491030AC3B4118D95101EEF6470034A7EC9C5BEB2A284B9E26D91EB585C6C6730AFE16F5048F954E883F991F897D454CA98DC4240C4B13B218D891CED7A9B677458C0251D1B514CE8731361D58A8F3234EB4B8C886579478C0E4DAD7D1653FCA9CE5D1C7EA05325F306D930E20E87A51F79CC37B985892A7CB874A1B6B9826C4A9E20D0C4E11BEC3E5B49CB972A188C3BDDA2946F1C0F0237FBA3D8EB14FD9388C3953F71D6C4AF5163D79578B00E21040D630365474D9B7515903A500297D681F6B0EB41BCC57A1AB1E07D86D52230FC26D5DE01910C2F4986ED2C1CC9888A68D752AC0D88DF702B03DAC08B94C3CBDD4DFD0F91E8D53F673C5B51BC58B82CA4DAF9107E4C35A8DE764F1A06DA89DB96A57D6A7C38272DA4F083C2BBFC22DBBD465EF61CC5C5F81B6FC8D2E0FB451769B033BDD5C718DF5E87D6A4C3CABF75C5AFCC71AB7B7417A8761FEC859959FFA41A1B03EF5ED6A762E76094D589DC052CD8945598C40DFBA0495B5F7E99DB4B0F7B71A8B0D8A70985C5E1663B258FD9047320DB6B4B1E552C38D65134CE5458C8B99BB7DEDF6DD5BEE2A36C46F0EA5B67C85AD48070D920544F7FBC991F856D7E57D7D6883C0FB9E2DDE751B3A7DAF10B034D21197D5ADC7AD0DB3F71C6C9A2580CD37F4F618A406EACA6C454B8883084A4D8689B63C4C0FD65EC72361BB5BF2AC2769C13AB089310A4F76B7C8DC5B753E070614C830D16D9685AE2CA06796A41BDAB1532A80D2012AB6D039668D9EEB6408A8F01898A4B8671DC6D1DD7BF87F4AEC5ED28145CED042C83F106592D510607EE3061D08620D6BC89FD6A7863636327D1E46D9E7615D9F02382AA64825524DB4CED50E29B0A04CA8EA0F78A11EE2FC0ECDAA56EC9C55C477379B0D28FE53AEF1BC370DF43153484F7D34A7EB196DF641D235B6A75D73A866C495EE83E1EE224034451F84697DF598F78361B0F19C4625985B69B448C72DACF99F2A59BB3F15824D9322076864D90180639AE60E57B6B596FA8FB530F235CB7785258F2DD9D88E46DE7466057EBBB38B113C678AA93761E57B5A9E391355914AB0FD6B64F3CFE35753A126E0F91AB79D5C71F6676CBCE89E36DE68213F7545CD35C71157B9B47313F026AD73691471E35607D69196DB2D65FB437861A11516D48851BC5719EA4020E75246F62A41160CA77120D410635EE1A4C4B6D0D93BB4FD7D2A19491A2E4883828D28AEC9BAB8CCDFF113BCFC05603128ABB2AD8C814315E1B89F3D79D76213A7849420700771E7AF3A93091B31658BFB46C107004B0AC5768C51F882A62C622DCC286269E2C176BA8C2484C857BB7B9084F2B920DFF11AB96C4BBA91BD0643E668443614E2E65FB73BDAE549FC20E406995EAD9DC564D66F5F794362DD1C3136BEC9BECDFA03EB5F5A93C8E6CD70A84DC03D4FC3DA5594DC106C4543DAB8716B0C52DE451C0482CE3D6B13D8F39D1712BDF43FD6BE21D56971F8519B4B82713A5B98198EA2BB8719106E57F71F1AB6D6973707C8EFACC6EADD4D362F12DB31A28B9CF8509863365DCC5210AABB4032DED7DA14D124133461A39D8B581B0FB5707E14F2F66628D927D9B152091661B8DC73078D5E78C6C066D19741D68301A11EC462778C8D491F91BD58FE65A882F5A13623FD6B8BDBC87EA689275277D6BECB11BC5377B7BB11A9E7E753E21E2B5E4C41B12A3EE8159B1B9ABB03A0D6846E058A837DFEF5C1145851ACBDA453C32AE8F1B1561D45613B55743F4B8BC7FF00C8B66F89AC5F6533666397FD26027A5987A1350C97CE36493695BC8EA3C9AC68836B1AEEF13B7646B5EC82D7F5BDBD6AF261C77E00D532B48BD2DF0A2B1F68431CF2B8FB8028590FF529F5A8A696787B9C3E108BAEC69B4DC87C4D111499DB80DE3A7ED45B61768F217B7EBEF176E0B4A073CCD6CF90B548DD09A8A11FED2403E1AD34CDC22427E26D4547E299BF4A24704161451430BB6B6CF5E7464232DABDEFEFE4C33AF093401E22B6B95107DC228373AB72269FB3F162021BBD8B6A271B648B106E0F43A560BB570189CF660C4A9646B5BEC3106C46A2A65930E64802321017688645DAE7626D4F88C5B9BAE02171B6C37066CC22F2CCD61307060FC7878B0F185D85240604EAD7F09B9E1575789E16EA32FD3DDD68928369952D751CC9202F5346396C0A49248245238F8723EB4B1F38F0E01F5AC6CC3816207EB480FE77B9F854B339C824119B9F4CEBE831B7DFC636C1FE939FC2A5C635F3870EBDDA795CDC9F41462C1C38B9234B9B9081C8039E42B2D91A6832AF5A04723EE8CBDC06BA1F7A638881CC5647D9006A0E9CCD4D849444C627967160F6CBC36BB676C85498C12E2A28FB4B09116BA4C63BC76241B961913959AE34AFECFC761FC2E8A6D2C6465983F68733F0A8F1381481FEB54D88E1753A1BDB8D73F748322ED6DDBE02923D97F121B96918E9A0B6406F235A970886CB0AB2D9DCDF3214FCEBB41C7123645383F9E415F4BC54D024AED3BB30B900E4B7B6FE151E14ED2ADF0F00254136B85DF524587856EFDEB6C5985C13B3CE8E3675FE56146D9BF33A0F5AD9EFA4692C75CC93FAFB1879538E9FDE58D5FDAF866C580032B5BC40DC0BEEBE9D6A445C2133E244AC59B6631B4C0DF8DADD6AF2768B48CE7984247A13461EDEC1AED62026B3A0FE68E2DF886F19F1A3163E4648DD90781C5EE48E072D2B950F65FD80C64E68C3697D0D3F62CF221D89A07B076B8B295371F2D2B152BAB10B24A87C637106FA54D3B5ED70A4D2E185BF98EAB53E3E582148CAC2965B850353587C229C83CB791BF6A9A653F736AC83A0CBFBC143DE06AD5D68478CC42AC6D8966FB480E60F33619EFDF41DA51358020937B81A74A3801090DDE499313BC05D4F0B52E1B0FB44C712E82FA9EBFF008F65A9875A6F5A6346A5CB835AB138D897ECA62312CCA3A545815397FA3A59BFA8DCD49339D5A462C7E3FC4D8F1A751F9588A666E2C6E7FC13226B3235AC88B8FF0004D0D642BECAD85663FC0F3F60D2B7FF00BF61FF00B37FFFD9, 0, 3, 1),
	(5, '645-J-856', 5, 2016, '2.3 TDI', 'Euro dizel', _binary 0xFFD8FFE000104A46494600010100000100010000FFDB0084000505050505050606060608090809080C0B0A0A0B0C120D0E0D0E0D121B1114111114111B181D1816181D182B221E1E222B322A282A323C36363C4C484C646486010505050505050606060608090809080C0B0A0A0B0C120D0E0D0E0D121B1114111114111B181D1816181D182B221E1E222B322A282A323C36363C4C484C646486FFC2001108012C012C03012200021101031101FFC4003300000007010100000000000000000000000102030405060700080100030101010000000000000000000000000102030405FFDA000C03010002100310000000F61F076B977770770700F14AC390385DDC02E0E0A5C1C0E7BB8AC1E2008DC5E037179820002128735C510A3B801A100E677000BBB80537C01C9D6200568C01C021DC1DDDC2E0E0683BB9AE0101014C5A0A020D777140C0002EEE2B5C1C140801690F00087800040A989429382783BB97ABBB8043C05618001C8F000180BCD1B930038139A10E2B462800878A140F1429081418600288C04288E040030070770030409D4588A1DC7D1DC1CD77141A314A0D18039821C021E280180BCD08003040A148C5006840A412809001CA00C1E2940FC995A50A42D070295A3810196702071F41CA5E1080034602834729418704F84702850702708C052B0E52144A109C0200561C1325254A9834704C291F93E61808562809801C09CCB40261C5B2809834702034704F9872A4569704018B82000B0220D2C08158B8360A97056E5639220569C15B850B8200C5F3A6990645AD7A22FCBA687A579B29567B9C7C6974B3D2A5C0A4F49F468245CA95044AC58A911A5C881292FCD8293806E0D382A000B951062C540292C5408D382A0469C11B85258A4CF05A1E5D9531E6B996AC2378767CC60901DC239BA2AAD69D765B2B8F496906BDC24449E9F3AE44494972E7F76B95488118E41B9D8A15A91A780CC943E2B3007646E563824130CAED885223B1D34EA8E336AC3489A66B15FE6D2885DB242579F1A6E75E1658360AC931ED8E773D2109250E40F15292FDC44E4FDCC05BA900E735D83C7DEB0872268B7F5664E91319DCE044A5752A4813EF9CDA355A3E0E1E1AC04F23BAF4C6832D955C1E529365F50C5AFC8BDA99B4BC5DB73656326B4D798659E5C1DC33649CD621F4585DF9AA8EF6690D2337BAC754957B2DD63AB7A986B1999E073AF3BFAE3C63E8ACAEEAC9B30D0B6A55F9EC746151B5434385791EBDC72D14DE05631568270AC58736D2544B4E8386B5099828366B79B581BA55203F6B9C668D40B0C5B01B3AC10901A966997642C6ECFACF4F2F9A2F5BB12B2CBDD5857EECE9344D8A97279B7D33E6BF57634DCD25235700E765B67269E217DB4E43BE1149C4B8DF174DD06D86AE9807636C5DBAD1229F67123023505035C5B1CB7B861AE348ECD7A661BA3CD51F3BB2566021151AA49A16FD356ECC742E8C1CA6D92ACE96FB1DD32AE729767A7C5E0DE8FC3BD1731B05E3CFF358EBB24566CDD1A445505A0764BA6B4A9C213D8293530E789D3048486C5E5C8B789695394B28D1755AC655226CA6AEAB5BA5E5D14CBA40D79B5AB1D55DB7DB2732158D1A2F5AB9C89F6C590BC483C6569B069D0F3061BEBD1633096AC1CADA1C6616BCF4B729554A2ADC8D6520B0A5057A0A95B366B3A2973AE28D2E710CEAB41AC55B1AADB352A354D0D2659A3459A133C10885CB07A45DE6A28F79A9E9FF000E6AA3F4EAD48BA83848CA867158CBD6C34BE317DA00659937A05A519C511D30E9C64F5BC4AEF9D6903211B2D3F53E5A3CFBE8B49C6F1616D19ED0E2B5CEF8CA19C2A74434C0E29C396C27EDEBACEE6C30F0E372E1329DCE895E837EC66FA49E23B4DA34BA7E8B99F3F6881A55C52579F47512AC207902CD2DE79D57B5727C1ECB15E98B8F9B25B2D363AB6374F0D57358063A66EA409A46F8D46A3AF529943B0C0BB8BB3C340A4D4831E3D244EE1C34C96947E884909E92440C9CEBA1C11E79408E937528084E4BDB835A00439B58FAF4B46A2A7E5EF43F98ED4855584DEB301796F749AA2C35B0815D6B2F597361D028577D2148B9BCC82BFCAB963659F482221DCF4922BD2562924EBD2738E8225CCC3A0867532ED90CEED1660A6DB6CF24116F55442D2D141E6D5922F5BB51D80FA32329789EA1E8FA3DCE289693054AA7D36DE889E920135B1C5B903349792442494F4BCBAF4BD81F8E0E4269E8423C9C703877728F450AEED962152ECB6B774433F70D839002824839482CFC27E6D526CF1AB114944DAA1E4BE8CC75ACF212FECE966ECB47642CF82F88329CADA84212525A4423A4A41F8E3DF3F7A11EF559006AEEDF38CA8D867DC83078A24E79B735603738820B1081C82801683A43CFAF20A94198384AA495FB6B41606DB43A3B181248022109B06411E68EC8C7CF2542366ED76C452E42E9CCCA26ED4F986504806E2F34920AC73474D8BA004D54811E5003925130FFC400341000010402020004050304020203010000010203040500110612071321311014415161152022233242521630243325347162FFDA0008010100010900F86FF76F37FF0046F379BCDE6F379BC27E1E9FB8FC37FF005EF09FFA8FEFDFC77FB37F03F1DFECDE6F37FBCFED230FEDDFEE384E6FE1BF86F379BCDFFD64FECDFC3784FC779BF893F02737F0DFC7784E6F0FC37FBF79BFDBBCDE1566FE24FC49CDFC379BCDFC3784E139DB37F1DE6FF6EF37F0DE6F379BCDE1566FF66FE24FC379BC27E3BCDE6F37FB379BCDE76F86F37F1DE6F3B676CDFEDDE6FE1BC2709CDE6F37F0DE15615613FB378559DB379DB379BCDFC77F02737FB779BCDE6F379BF86F37F1DE1566FE3BC270AB0AB379BCDE6F3784E6F379BCDE6F37F1DE6F379BCDE6F379BF86FE1BCDE1385584FC778558558559BCDE6F379BCDE6F379BCDE13F1DE6F3784E6F379DB3B66F379BCDE1385430AF0AB7F1D8C2ACED9DB3B676CED9DB379BC248CED9DB379BCDFC379BCDE6F37F0DE6F3784E76CED8558579D8E6CE139D867718579DF0AB3B0C2AC2AFCF7CEF9DB392F8875F52D38D57AA67319F60DA14EAA07277E380E41C83E2BA62495313E1D772EE376ACA5C62CFBA09002F3D73D73B66F379BCDE6F3B0C2AC2BCEC70AB3B676CEF9DF3CCC2E679985CCF330B833B8C2BC2BC2ACED8559DB39B72E5C242AB6B8AFCD2A41286E425B794844762F2CA1BB25A7E1DC407243711D642BB21D5B0910E92DDBE92CA7FE75CAAB171E0C7B195E22F2A82D171E546F179619489355BCDE76CED9DF3B677C2BC2BCEC73B9FBF6CED9DB3B1C2ACEF9DF3B676C2ACED855F92AFCF73F72B57DD6FA59429C75CE47E213494AA15404BF2229EAF2A45C01E5A30DEA0B735B5062DD11E5B0613F2D72AD1E59B09CC47911D9F3A23EE88F32CE2AE4B7717D0234631586D97DDB093B8309D9915B79D4CC8E5585470AB3BE15677C2BC2AC2ACEFF009EF9DF3BE77FCF6C2ACEF8579DF0B80E1770B873CCDABAF6DEF090125472EBC418519B28AD4DAF24BAB72A4C992D742DF558549F2815349765975EDC94C869A5683696C210492888D5638A5A8CF6141A5AD627477111CB8F2172EE68A4B8CBAD5606A54C98998D3AFDDCD42FA2DDEE30B98578578558578A5676CEF9DF3B676C2AFCF74E79830B830AFF002567EFDF0AF3B6F14E294B2DB412DB71DB52D6BB8E6D5B0074839757BC92ED92B9CCA66C771B3E53BDDB6C82DE12B28EC54E2D234A210D1754423187D20A9381EF33B071121305B59E817E6213D90131E415A41784679484B4D38898F466BA30E1B7AD6D6B0E452BC2ACEF8A5E8138DF265AF92BB03CB2BF4C2E0FB9746070AFFB41448D6FC9F377F52E679985DCF373CDCF30E151C937F4F154B43B37FE50D39FFD4AF91C8AE969586A33D717286421BB7987C44B19D2502D6051CB54661360DAF8EC469B524C6ABF0E78F5736502741E3745090A0CD7FE915AADFF00F0F2F8E71E715D5F8365C3288C72E3339EE2E871FDD7D8DC356B5EB4C4991509485904485B6A41EAB625BAC9532B710E37B0103A3EADE97DE0F54F98DF7C2BC2E0C7DF4B4C38B51836D18DF6FB0702921413E61FA243EF8F44ABE75D52BCBF995052BDCFB7B8EE9FA82737F80A392A644AF8CE4A99239178B73E7AD71F8D35C3A3BD6772F4EBF64CF850921319954F7E7ABFA8EA188E400109690DA4961081297EAB91F3703D8B8C332B5DE2D4F9CB1FFB2C9722281FD49167CCED1764F43A8E27412EE1756CBF6B1A7D8543B1DE61FB23E1E70F4295AB68D610EA691DA7F93B170B331D65D65450AECA2B0B4A46D21B05D09D2EBF8B724B05B28AFAF6BC31B64A1224DA1D7FB1D7D30FFF009C89F2D554956E92DC0E50E0564698D2A332B5145AC171D4B6CAE4BAB6527C90FDBEE7B6B60A645936E68952E67700BE5F2F27A9B476E3E516B8E73FE435A1650EE5872F8D15B2965A977BFAA30EC6B18299356C009621B964D212B73BC3B76E7A03C0A6C169F6426D1F192F91375F1D52253ABF11EC5F96C220C4779D8694A4D7348B5B9B4706DB11E606CBB3243DC8F8F4327A4D7F9D2963AC78D0F992DF94932ABEFDD763B0DF90A53EA77FF62995B6CBC0A51750E3DC44EC81C4B855AF2F7253515C67C3BE1353A55C5F7FC8F86F1E4F5A8A3B5F11EF2C36DA1F559D9384A8BE9B9490B3F2EDD946584F613ACE241654EBCE72BB49D694F2911F38ACA4C5E4A4BA866E24AA2B5B8CF3D15CFF00DCD18B05B3E624BAF86A23526221CBE91A54C4B3210D3CA54A96C5B5DFC82C476CB33A559243505D916213A6E26478ECA95B90E4A11D69408E2C1C5B8E0D277DBD0E00A640EB82C92D1EA5A76C0ACE9A1360DD5C59A9529145C01E90812E429DBAE274C0A2BA3719E44BBD8730BF1392B25CBF9C25970B693D5294827D0632C6E658475A6AE42ADA810879451D15D70A49072BDA0FADC696BB58EAABB28D363B92AE1C5EC3B2112D4EABAB0CD670EE596E429B871FC2396A681936E9E54EFAED9FD78B874EBEF5CD4B3D10DB7C879041669E49E951264397AB5B19167D8A58610E3ADAA42DA52997FCA79C2A53EB86F284790CB016A404B054D79CFF00EAAD15B7CAEA692C25B6F30EB8FA5696E2C76D0D4643886CBB29F415FA28CA5F5EA81DCF6DA8ADC1DD5AC72725075A2F25C1EA5A88B7D4E152A256C0E3D01AB2BC6EF6E6CEFD7B98BD00CB873802CAA6DE339CD1848B943E91D51FEBA562C916E82338D3AE0B7B386854EA19CE48EEC311F8DFB190E7CA310192808E5EA43DF26B64F15F0D692E62376F31CAEE3547529022412A424617715C66D92871DDB14570B8A8517E4D24C0EA09CE61164B75AFAD2CD0173F53D24D7716992A2B4F48757450E02025D79AAEF9565D75E971912D49525C5D8D9C4A980B992A47FC8A57229720D6A5E9464A10EA1C4487192A290B714E9DB8BDA47B05BC7E87BAF7FC717274484E69C5AB49C6A2296BD29DAA81078ED4A2F6DDAB0B4B0BAB0767CD24EC1270C30A68F94AE18AF2EFDE4E7356C75AC7005A8236498EE3F39D2C57C681E1BDF583ADC9B29349C4E9A8038B86C4B93159DF7726DF169252C8996AE38A57ACE5FCC34A5273C3DFE9F0EAB3B538A385430AC65CD934DA9844969A96A7E2A9E4876575521053E27961746F36D9E3A1E4DBB41AC5CD6A2B488CE8F9F65E1B79AA6E177363AF22153F87D515CA53D2DD9B5F59320B95F2624AF09A9EAD729EA0739150DAF1C53F64A8A6EAB1D29E927CE6C8DF675F2A2000A56B60953BB1AC6D8EDFC9414A2828424F0AE2ECBA936F62792F255F24B4F3C152D5BDE073B13BC6DD52163D78B38C2F9494A5CE43C62CAFE130D405D6F8555118A5DB57D98D02B590CB0995671D2952CAAF2EE7FCC865990EC85483FC0D8294DA00563D27CE516B6EB842159E15CC75EE2286DCC2EE17379B27391DFD7D7BBE74C66A6D6BEEA4905D53D1A2767139CEDE4BD4AE970D52DC6EC92A6F2B2BAE6D1F8CE29BA1A7A880A44852059347FC97669FBC89EA53CD2D3217689FA995223BDEF96DC378FCA4BBA836BE1C222952EA66496B90521D4F871EE1894BEA8295B674545D92DB6824AF85F1A7390CA4BAEE78ADCBE34269AE315EBA789026C06809D31B9B5448B48955C7B90DEE955F595BE15B29D2EE6CABA9E968DB28AF84ED8B4D76FE53391B2DEC0558F2849D80BB5BE3350A6496E6948084193C89719250C2E4DB3C95171D8B11E665210F32A52740A959E1EC65C2E2708AC05A947F880857D708CE7E98322536449E396344C54450CBE5555295D9F99CF63C6F931E549E3B45633EF21428485D83151215199547E50E2F456B6B926C7F71E41DBFC9779BFF0025DD1FF672DD4410162D5696D0953AF5A24A4F72EC869D27A22E78ED44D2B716D3B0AC192DC7655C5BC37B09C5B9373823335C88ACC66EC78C73662F9B79354C555F430C3C8E0D1E0F29BBE4355637901FB069B1EF67C9A34469C716E5A5EC692E17DB9D3F9638BD80A9376F3A4FF3726B8B3B25720EB0C87149E88C712A8AEA2246165496505A0FBCBA3F49521BCE3DC766F2BB06A33096E1438CCB4C32D840C291F4CEA464E5898FA52DB1043BE488E9950E14453EDA7CBB261266AD84374746E50D0724E4370D54F2862FFB760242D07DD162E27FC9368BFF006166B3FE46C147FC9764947F7AFF00525B87FB956719A3D9287AD6549752D2114FC02EED4A5C9AAA6E1955488FFC78CEA7CAD0D4D2B4B087F4B9AC23D7726F98681FE73B97B6DEF4BB1E64B56FAAEC3903B282D2B53964FAD41416E485AD6A5295DF79FCBEB8B5152B40C4750C2DC90A14B0203E632E6CAB28B06D7B3C5EF0F38AC4E413A6AA6BF051160456E242652A2AC4A49CEA948FE44FBFA228FC31E6965BDD240F0664C5485DD5F35C7FC34A3D29C92D730A7AB4945250F8D97EBB483415AE4B284B852D58391F925C546A35D44816D516C07C94D7C4865442D0990AF6DA9E748212A01C1BEB8AF34148DD0F877776FD5D9A69386D55223AC58DD19647AE4AB44B4084E59F28F249FEA587358CE457D0EA6CF9523D4B2ECCE44F39BFE6FDAB8E13FC97256BF7257F9016B3FC406C0F55A988725D1B6997DAAF8840952E4F961C286D06495B2E8DC083062437263B225B4B72BDEB07643131F624F9EC3B41E26DCC2E8DCDCA1E6D43721284484B83E98093F4E8AFAE4DE797D2B6173DEB790F12A716AB56127FAB25FE450900F96BF13681FB54C19519BA69E8F9B870AC5BE5D6D3E6C14D5355CE9A796D20AA345B3BDAC47FE0DC706FD4F9436E99A633952DA0A6EA3D94669A79A4D6CA8D36DAA1289F1534A9991A9E22AE1D9974D27611975CBA056B45D9526EBC536D65698AC4AE64F4B51EE976C96EA49EDF3AE148F553CA57B90A2AF6C0CAF5B516A3970E9A6FE512CA4AE4BEDDBC24249830A54F98F8ED2E67EA11A313F2AD393A43A0A7B217F4CA1BFA8441718B38B676887984428A50D1C65B502322A16359C7B975AD5F56CBB4FC8E15BB63CA5170038FDE59CA569B5C4A3E4B6AA01B8D57E12F2195A53F95BE0C426CA5735D3FA72ED1744D39CBBC32EE5E90A4CEE39C8681DF3BE59CBA94FACAA6A5B4C594A498CC71D98D57065E71A8FE252AA594B3468B2B3E53C89719A11B8F53D809A8BDE4716F79CB0E3A52D3BC83C41F964292C2A65A5B5EC95AD0A7EA9DD9F3A5B8D4886AF789202D20E0F618DB293A2B2D57C8EA09429EAA8ABE9B7AD25B808463D323255D965EB290E91AC515AD5B5109CE87035BC430A3F5661AD5AD25B8494FF796D800FF0014B2C9391DAD64171E8CE25C6950F94B8184875159C138CD701D63C68D5D1404B1194F1D7F1C90F241FE4AF1763CEA2E72DDCC5738AF8C48932194DFBD1EA215E3C1F88FBD5FC3EE57AB6ACE25C4FC38A04F9B0E1B8BE2AC8DA5999C8F8FC449F593E275543D88D0AFFC4FB3B347901563C89E741254CB2ED9BDFD43DDD987E52BD28E2914C05CB727CC8AB8CA2D2D50C943AB464730CA7B3EFF00EA0A8E3A438B2A72165464C872C965250CA16E3AE9DB8B03027036712D13888C55EC1A80A3FDD8CC248D690DC427045EBF4431EBECD35AD7A30C9C65BD6800C45516C1EA1294E057E1D5900FABEE7AEF39AF065AE2A97F3F69452EB09594D0728BEE312449A7B18BCD92B013323D472C84B1D5996F72105276ED8DBF9A0FF3912B64FF00277CE277D56DA9C7424AFA2D6966047C8DC722A8448AC58B74B00C84C2AC937B4CD56D547F296C847CC3856B5598646984B925E70149504E04E04625A27111C9FA35096AFA37053F50D4257B04B55FF7C6E1253898E07D3E58ABE89847ECDC4D6B423D7BAE11E95F484E894B55212803A80062D400C92F9D10324AD6A3EF70F33162BAFC83239623F5091E6477E929AD51E7437ACA8ECAA405C86597D71DD43ADE756E7C353B00D3C59B67252CC975F9A8580191E5F448EC10A0DBBEB9011225CA9063A78CD5D87E9BF332977D652A1488CA42394C9929A78CCCE7547B289C09C08C4B44E218FC37114AF64B703DB78CC2FB25AAF27DC35000FA37100F64A63FE11189C444FC2628C6A0A967D1312954B2094C1A44A35B4C78086C0F4E891F4C74800E48562D87163FB7C408CEB746E006CAA88D9094AE5C070A995C0E53263776DF6E2D8F1858FEA71C85CDA86BD96D9638759CFE356529D92AA5AF9FC72B5C2EB7C7E6CC6253AA7032EBE16FA969CE2F6AAABB88D292EDCA393DC4F5C8431024AD98A1F9D1EFAD57672D4BDA5B388609C6E313EC1A82A38CC01FEAD4057D9AAF03E8DC303E888BF8446FC22293888807D13180FA350D6BD0098B4EB591B4C4A74235FC63D704807AA5A4207A051030ACFD30AD2063841FA1424E14247B09511994D29A79AE63C4930642D6CB76347EA484C9AB71B27D171969FA755A7D8F7787F9971EFAAC959F7237885EB21F239F11A0D25D996D3ECB41C71B8A4FA9C6A213F4660EFE8CC03F666BBF0D4003E8DC31F6445FC2219FB221FE13140FA258FB06A12D6469316956B2091169D28D6D2C56803D834CB23D0296714E01EE54B3F62BC09030818AD7D07A038465957C79CC2DB7537D4ADC390B425332B1A3BF49552D8DFF0017EB1237E8B8207D150F0C4CF94C443C4C41F66A1FE1A85F86200FB31053FEAD43035E8DC51F66E2FE11147D91107D83094E25ADFA04B3016E1F68B4DBD1298D5284EBF8B30109FA06DA6FD82D5F7C539AF604157A921091ED8A6FD30A07FB76D61DEF67149246F080309F4C56BEB9CAEB3CE68BA80F461B2087E176DFA3F5DEFA0ED69FB2EBBF06B8FDBE43F020EB130F1987F8661FB7A3313F0D46C6E37E1B8FAC4318D30312C28FB066B96E1D91169CFA6C47AB4A7FC598694FB00DA118A56C6295AC5BA0617167E817B3EB856948F75B84FD0AF0003DB36918AEC47AE2C7DF09FA0192A3A5E6548565CD72A2C95692B637EF8E4507E8E4207E8B820FD1503FFE4C1FC7C962617AFB350FF0D45D7D1B8DF86E3636C7D8222A8FF89474C88D171406A2D4F74A4F562B508FA222A53894240F6FFF0031440C5AF1C5127360675F4F5C584E7F003787D4EB5D3F233B048F4C2A27163159A2702465F542653057A931D6C38A4105030B1BC31C7D95187D8C5FC7CA6F1313F088BF8446031A8AA59D2531699D708DA63506B44A5CA60847A265D5AFB69229AA4A482BC6994B68000F4180E12918A58C576C59D67967DCE15213856B57B03B3E833DB35D07A8247FAA8EB07B6F0924E280C5246F5F0294B6D8500A1DC1ED9C8A13095150494819A19A1AC29070A46744E2509C4A46448EDAC8EC2B60463A250C45650341286903E8E21253ECA8CC956CA58690848EA147437F0FBE6B15A48D80EBAB528839E62D4B009DFBE0F651C513BD62BD01CFED1BCD6F44E15904819FFFC4002B1100020201030303030403000000000000000102110310213112204104132230516114404291325271FFDA0008010301013F00D6F56FB6CBEDBEEBFA765F6D97DB7ADE97DD7DB7DB7DB6596596596596596597D96597D968B2CB2FB2D1D48EA3A8BD2CA6F82311C1C47074743D6CEA2D9BEB68B2F4B2316F7E345268BB76756CF8566D5CB2F4B2CB65EB4C58723FE2C5E9B2317A47E6447D344781F868F66438C9728A28A298D3142562C6DF02C2E5C3B3F4ED12C2D6F56470ABF93A31C71457C299BE8ADF0858A6F93A20B99896249B4AE8EB87FA232E1E9771E18B1362C511FB52230827FE48934BC149F81465FC5D0E0DC5D57E5B15BE3FB3E2B63A1C9D91B8F9B15495B5B0E75B4550EDC13D31BF951EDCACF4D863932E3C72DD391EA313C19F2E17CC2728FF004EB48E0C5F93DA85DA62C5196EC5892A74851A548C919B37AA231F2F4842C94AF65C6895C1A163FBB1452D2337194649EE9DA32E4965CB3C92E652727FF5E9183BDDA44BE3B2A22AFCF638A6380A1264954690E0BC58A115A58E44B236295C6F5F050A4E2DD8A49F0FB2C57A5A1C8B6F493D2F5AFC69387570F7674F46D4294BEE5CFC363A9354AB6DF71CA313DC65D945A1C87239EF945F288C9355262486E89499CE91748721B6F5AEF726B82E32FC322ABCEC6FF744FB68AFA55DB457D57FB27FB1FFC4002F11000202010400050106070000000000000001021103101221310420304151131422408191A12332425261B1D1FFDA0008010201013F00D6BCF5E5AFC0212F468A28A2B5A2BCD45145695E4A122BCB42451451456945145796848DA514515A51B4AD68A36B369B0DA6D36944F2461C7B8F249BEC8F886FE18BC4C1BAE459F1FCE94288A26D369B4A369B4DA50E972E9193C44636A3FA8E4E4ED8A313A4EBFD15CAE1BA2C51369B051292369B4DA512CD863DCD7E5C92F19897564BC75F11893CD39F659F9E9B86DE89148C3253837C70C964C51E24D1F688452B8D11F138A5F2472E3955332F8A51B58E3B9FCDD232E4CF37FC46D1FB898E976C79A0BAB67D4C8FA80DE67249CAACD93AE723314B72A7C345C4DC5E6BFE5893C9976B4A148F0FBE9A4D1D5F24A504EA4ACFADB67152BE7A4B9252FEEFD3FE8DC9F27D45154C9B52E950DB8BA4EDB142F99BB2351C8D25A645F76CDF1ABB1CDDB92E084B7C232F949E8F3E5DA9F04F3CF635463CD28F089676E3CC8966B662C90EEF92E3D93C97C22C9CB6908D72FB286EB22B1E55EC394A5DB28A22928A4BA4B4793D973F05A7176DD8B26DE52436E5DBD54A4BDCDFF28734976429C9B62C8D5F543C93653B14051238D128D4A90B4E6C93B55628294151284A3DAD6C765A298A02868B922B9D2B56FF00C9D98F23870D708DEA6DC9BBB1C61EE91505FD2893AF87C9184E62C3148AA2E8A6280A070B4BD7A2C849354FB258E49DC7F61EEBE450B23042E346AD8A024975E94527D9538F4ED1277551765AF86415BF2D97E82D149A371C6965965FA8B44597EB2FC0FF00FFC40044100002010204030504060707030500000001020300110412213141516110132271812032529105233042A1B140627292A2C1D1143343537382B25063C215348093E1FFDA00080101000A3F00FF00E4CACF8906D720F76B4C73D9D903D905872E028BCEB739E5375D46F655B795EB153A16FEF018F327A285AC3A926DDDCAE22901E455A9493B0BEFFF0040CD33692C8BAE4FD5F3A0EE010BC72EE4E5A1894D3624296E6469A79D195134678C0745623F5772690BC8A5CA2B8B81D4B1009A5EF035B2928C58F4B137A930E5092080E8EBE454694934B901649F285885BFC492554AFA3654170CF04A92804FECDE91A4E2525214FE0DFA48EC5545172CC6C00A3248E0833939557F668E775B31422D63AD12A080C0004951CCDADAF954310736BC418B9B9E176CBA562660AFA2620AA441CE9998ABDAE2955D53388F0E8662C178FD59602D587EEE37B302C90CE78916DD8791351ACB20EF1B2BF7E6C06C108201EA6964766B9609DD1503F33D2D514910009895551BC999F31AC561E40DFDD2C61C28B737753FA38BDAF6ECB002E6BBE978B3A90A2A67406E16F9535E82B28B6E4027CAC682B1DD81663FC44FE149AE961A1207CCD3E504EE49357079D3C0723780020127A8A894816B90195BCC38ACF61AB860A2E7A2DAA089947D69329064F45DA960CCE9915A5EF351B686FA540CCBE1668F662389F09D7F41347D805C7BC78279F5E9400DDDDC817EA4D0C6CDA8B444B2AFA806F53E1F091025C2C4E8BCCB1BEE0565CC6E189D850627EF0B1ABF9D13A69477F15C580A0C0F9521B0B00A34A6DEC72B52EF61C5BD4538B8D728A8C5D82912056209A5910B58AE52A0B0DC5B514E8C5AE46407FE397D9CC810057BEDC4FB17F2A7B73CA7EC632EBBC71DE471FED4B9AC64EBF184014798BE61F2AC2E19750267943EBCB2C9DD1AC342BC1A1819BFE4AE09EB9AB15261737D4B81DD8B7945589C4CC16CED2631F213FB02C6BE8E8338233B67723FFB1AD58B9C3316245DC5FA64A925CD6CCD2223936E93D619BF6E2897FE0A6B090F322764FC005A112467367EF0322F983FD6BE8EC64A52CA82745909E8A49152E158E803A95CD6F84EC7D289CABBEC3F950E66ED7B1F3AB87B5C5EFA75E0694B2B0B303F972A64556BE4D321F3B002A4CD945C83A1EA3C43D8D029A01B39BD5C1149FBA0FE7597F6405FCA9B37C39E89A15F23EC470C11ADDE49182A803A9A30E1F6FED7220695FAA236883AB562F1644244524F2B1176DEE5B85B80AC3C21762A8095FF007354A63E4588CDE82C00A0BD14E5FCAA357E048FE94A9FE9A0FF00CF3562266BEA9E3B1F4365AEED4FDF90AC3EBC6F5845E6204699C79DAE2B1D2F262F1E197F835A4C5085D944F2CB262C4BC36D297E8CC4B160F1C69042805F43E2B91714927788C8EAD3CB2A90C2C4144D08AFA5645F85204FC19EB15F49E18DF2AFD26E9284D2C028500802BB8DD9635D532FEA93A9F5A37BF06A0391A60D7DD5B7F426B13881604B6C809EB5F46C12718E59EEC3CEC6851AFC680B29ADE4EA4D58141BD34849B12A8D61E648005412117CC7BF4001F3BD091C120804914423699E5042AF95A946506E592C0D6115C1FBBDD93F22D4F8B9D103158500B03C0DAA44703DC284B1F417344CA760FC3CC0A8717149EF2BADF8DC0151436D82A016AF754B1E761575BE8835B5BE23B5FA51EC11C6BC49FC00E26A2584CAAA5B124DDC136D908CA2922EB0A077F57716A26FB3499A623CAFB548106E59C44A3CC8AC3BBFFD88DB12DFBC330AC7C83FEECCB027C90B5411E1C623B999BBC2EF1DCDB3DC817029A301984994053B69B53C9FEA3B3FFCA9636E0CAA01AC9321BA9F85BFA1AC3C5FD90A8C4199C264CDB1A38B906F0E0D6E3CB356151C6D2620F7D2548A9C157EAD7F756AD52B680A816F17419AC299188F75AD71E796E2916DB02D6BD246850F8A9E56CFC05E8AA941604D6E3DD0493F8548E80FDDDCDF99A6511FBD1477B358DEC5B73EB5159ED6BB1BA5BCAD5067719973195835FA67A840206631C48ACA4727001A61121569DD8D905F8B91B93F3344B5B29988B337451F74559B7CBCFCCD0BF1507414A141B2816BF6103A6D41BCC500792FF434443113DD0623281CCF534228146632CBE1500711527D2932EF2FB9003FB677F3506A2C3CD85C4A02B19257BB6B106E7D68CACB3DD3BC25822B00CA141D8007B4659151BD1858D5E78F361A527FCD87663FB42C688ABD00DDD5EDBDEC68AB49789C1D9C5AE2F440F8574A7763C85E8C487EFC9E115964E2116E2AC4DACD7D00AEEE366F74278883EB57B35FEB4026FE74A1D91AEA185AAD76A16CA3566B5290145FAD14407521B5A9198DAD21B05163CEF5DF65CA4D802A842EFD4D426324A2B4B6CD76D16F71C0D32616126396637EF714CBB9857DD55E17A4830E87C112EC3F598EA4B1E24D589539DEF6F4A0146805EE4FA530F3D2AF6E556D7B3213C77141614B77928058F8B408A38B1E0288BE983C00B33B370CDCDFF05A0B00378F0919FAA4E57F8DBA9AE35A4986C330F4322D0B4D8647FF0070254F66956CF85B7EEB502B361D3123A3C6D93F1B8A0524F15D9828527E2E3F214F27EA47E05F53BD470AEF94002E79D857F752927ADE9DFBF777EEC6C2CC4542847DECB73F33DB15D05DAED6FF00F2B0E41B111B3B06FC050666DC06CC3E62D59114E52C4D12C5EC2D5DD2E5DAD76FC6C05625E66D63D956D4B205B7805C037E1736BD24501170ABAB52E120EF446D9D3C4CD96F6502E4922B111E121B19E5DE6756E11A6C0E9D4D1921CA044D98B0CABA0D4D2DCF122F6A27F0ECB0A16AB926AF4AA00BB37251B934CA91FF00ECB0A7DF677D988E32BFF08ABBB688A3DD89382274E6789AD2AE37AF7FE8907F765AD42C887F8680153E2A5F86152C0799D8545805504048FEB65B37F08A796775B493CCE59C8FC80A527E04FEB4B18E9BD1E3734491AEA77B6BA55F3895FD1A4623D86B01A20CA2D6E76AF0102C7296B7CA8FF6A2E16344B0D1F89F11B548648A45CC1B870DE866322EA4DB8D33BE5CA72BE82F57FA8CAA3DEBB73F3A3042EC19F1131C8BE48809BD498C9580043F8631E4A2B0F2E15D72B40F1868C8EAA74A7C2ACD6260726488117D89BB2EFD69C61EF7C584F1C6C3FCD523DD7E60DAF518CDEEE639337966B5695E56ABD1A16EA6AF98D957AD28C1C04C977D16464D731BFDC4A61858C15C2C7C90EEE47C4FF80AD876697A4BFF00E90C2D7E3DEA9A8E274C45CC92839726A0D4B8E97939EEE2F445A8618976489428F90A2225D2FBB31E42B0F92361DEC0873941C73B02066ECB351E66B402B483153449E5A3FE6DEC13DDB8BB10773D14D668A482E23D80205C9B51925790D98A96616E478014999F2B75249AD736941118825DC81614B2CC001DE4A490BFB20D5FB195173664016CF71A5C9048B74ECB1E63435000E6ECA8A2304F3B0196FCCDAF5261CFF96C6C9F2375A2D1FF009D0EC47950B8FB86EAD417CE96C39532E1D7595C8234F817A9FBC696340144F97E6B10A78B1A54654784B44C2D6033A1241FF6D4B86D2EACE2CAE39A9352F72DB4F3FD4C56E609D4FA0A9263C61C35E24F56D58D41871C5914666F36DCD0DE856F578B295B79EE68851C2B293A161AB1E8B53303BBB117A2403637D0FAD68056533BC937EF3581F50289EDCE6E736BA5430E40133A837240E74B938066B037DF7A8ACD6205C126B3E231128441C0712C4F251A9A322C2722B1FBD9742C7CFDAB75A6760A017360588E26D6142DD689077D3C27CEFBD77527C51BD8DFC8D2E29F65DC391FB203508A2041112EE68246AAD12AA8B6E337FE35262A718B330994828E4B5EF9BEEDFAD40270012F0E3A2B03D55CAD61B0985C0994889A659DDF3A65000405458D0A01514B13D05629CC4CAE252CF0C3706F9638C1526FCD851A3DBE26D05A83E364B077DC477D94516BEE1AEADCF40D56468F39F436A2B8447071388E0ABC81E7C850091A2A20E4AA2C0768ACAA0EAC4B31F99A711EE40A7763BB3B1147F5405BB7F326A6C330C34787C12491B0791A76B1318BA9CC2D5DCE33567849DFAA731D87D8F41A9A11A7C4DA9F90A699C7DE73B51676F7628C1663470909FB80E690FAEC2973F176D58F993D9E113C62F71C5829D37DBB076DD581041E20D1B8371D2892C6E4F65ABCCD5FBA4CC075E14C924B3A4F2BA2877551E21606A58930C922AA3EB316617064B78403C45E9920C3E40D121B34B989E3C145AA386141654416147D89E2076924B27E0C6B0B844E289A93EAD96B178E95793B7F2CB58583F5D802D48B899279E799765CC88812FF003205343880734589B100BF11211AAB8E7524B6F8D4C5381CC5F47A4EF0FF00832FD5C9E401DFD29C51A22B7A2598D9545C963C8014D8480F0DE561FCA9437173AB37993D8A297E42BC591B2B2F3B695714689F638EC2B2AFC4DA0ACEE7411C62E493593E304DC8FD53D471AF79EFE95DE62E77BC5144758E28C5C96FE83850C8B2048D57695AD7627A7F3B53A386B8752548F514B8B8B9BF864FDE15DD4C7FC297C27D0EC7B54799A940F863F07E54C6FC5DAA25A9253D065145E5870C0B20D5DA3719C3A7C56248614AF0B4F1013660A51730DC9B8283AEDC08AB4EACD3626281FBF48C4672DD6D7CBBDCD4D859CEE51B3C6DE4AF623D58D668D45FBA90DC003865945AFD16B01875072AC8B8532BBBF2CBDF45B0E558FC04E091E3C0DA33E4C25635879125CC419F0D242C8A8C6ECE19B450A2E4F0B518A5C44AA9877183477757032050F9ACCFB85A46C50881999400339E032D85C50029631C0713E405395F89D82D11E468906B876D85339A48C0E00EBEA69E461A677D00F327415DDA7048B4FE23FCAF4737C7737F99D7E56ACABF0AE83B33C823CB1B86CBC08D485634DDD2EECDEC19A11FE1BEB6F235DDC9C50EF428EBC235B5621AFC5A8440D49274BD85159B09F4BCD87981F7D565C412AE39A95616A06CCD7C640B717048BCC9C0F5A7648F55C4C172140E371AAD09CBEA4CA2ECDD4B0B31F9D3ACC731CA1AE0D85FC200A960C4421AE1B37D6824D80040037AC31C5CE83BEC7626179BB9E91225C96EA6BE92FA54333362A79B3A232121BB9855859158A82E72D0468109C3C28C255C3F03239E2F6D1728B28A191761B1F5141A5234E4BD4D3CAE7DE91B61D05465F966BD69C08D8D6FA1E86B80A3AECA3734B021E2FB9F214F8A9B82A8BFE02A3C3A0E56720790D079134D3B8E2E7381E43DD03D0D65036E240F5DBD2892789F609ECF4156ED208A05852B9F2A41417C8513524271F8687171489C197C047F0D36131162AD8F81332C9FEAC7C3A95A84C73C8C60C5E0C5E2D8B8CE01CB7E1C0DE903B6F34578C93CD8A5AE7AB5679CFF008D88B4AE3A2F01502F94429ADC95453B91C5982D2C30FC09C7CCD5CD6541E291C9E15DDE1D742DB5FA9A281372C15403D45CD2BA32E6475D55D798EC08A0DAC3563D00A580FC52FBFF00BA2EDEB614F293BADF28F22A87F33415795801E7616144FB56ABFB67D997158688B324329BC9006DCA36C6BBC82FA4ABC3A30E06A6C33DC6600DD1FA329D0D143F1C66E3E54AE72E8BB1F91A1F3AFC7B180E76D297D1837E543BC9D8063D3AF4A8B0A154F7864170D7DD9AC46B4D2C7189A49311891DD09CDADA21BD940F534EEAB29D585802D7B85BEEB4A8B97735636B6600213E646A7E7565F85741EDDEADF623D9F0A21268261DDCE42A2F65E4C388A5C33B6C546785BD375AFAA3A2CD19CF19F5140943F3B0D8D32CF60C8818D9ADEF476E7CA8441E095E1398FD63229609BFDED8538BF3626AE40D6B522F4CD2A619D942EFA581B7A134C865972C48E3C45575275E069A1C4B31CAF6B3800D85B9036ACF897943B1E4157F9E6FC3F48F5347EB1D54F632730363E6296585D4ABC6DAA30EA2B072741899E33F8B1AC2204D98620937E64B2126A785E472E4458D01416373606236AEF9ED656C4E2CC817A85544A8615F823CC47E24D787615DDEE99FE1BD4D88889CB754B20B70D2C0544C903BE5EF6C42B0DADCEDCA891B2FB37FB4B7D82BA1DD585C55A26D80F608A7F99A7F99A27B432DAD66557D397881A62A3403801C87E8161573F640E944ADFF00453EC03D8051ED3FF42B0F6AE7D9DC55949FD335EC3F61ADAAD63F667ECBD4F6DEAC3B75FB0D49DCD5EF5637FD1B8FB3AD5C9ECFFFD9, 0, 3, 1);
/*!40000 ALTER TABLE `vehicle` ENABLE KEYS */;

-- Dumping structure for table vehicles_reservation_db.vehicle_maintenance
CREATE TABLE IF NOT EXISTS `vehicle_maintenance` (
  `id` int(11) NOT NULL AUTO_INCREMENT,
  `vehicle_maintenance_type_id` int(11) NOT NULL,
  `description` text DEFAULT NULL,
  `price` float(7,2) NOT NULL,
  `date` date NOT NULL,
  `deleted` tinyint(4) NOT NULL DEFAULT 0,
  `vehicle_id` int(11) NOT NULL,
  `company_id` int(11) NOT NULL,
  PRIMARY KEY (`id`),
  KEY `FK_vehicle_maintenance_vehicle_maintenance_type` (`vehicle_maintenance_type_id`),
  KEY `FK_vehicle_maintenance_vehicle` (`vehicle_id`),
  KEY `FK_vehicle_maintenance_company` (`company_id`),
  CONSTRAINT `FK_vehicle_maintenance_company` FOREIGN KEY (`company_id`) REFERENCES `company` (`id`),
  CONSTRAINT `FK_vehicle_maintenance_vehicle` FOREIGN KEY (`vehicle_id`) REFERENCES `vehicle` (`id`),
  CONSTRAINT `FK_vehicle_maintenance_vehicle_maintenance_type` FOREIGN KEY (`vehicle_maintenance_type_id`) REFERENCES `vehicle_maintenance_type` (`id`)
) ENGINE=InnoDB AUTO_INCREMENT=4 DEFAULT CHARSET=utf8;

-- Dumping data for table vehicles_reservation_db.vehicle_maintenance: ~3 rows (approximately)
/*!40000 ALTER TABLE `vehicle_maintenance` DISABLE KEYS */;
INSERT INTO `vehicle_maintenance` (`id`, `vehicle_maintenance_type_id`, `description`, `price`, `date`, `deleted`, `vehicle_id`, `company_id`) VALUES
	(1, 1, 'Veliki servis', 121.00, '2018-08-22', 0, 3, 1),
	(2, 2, 'Pun rezervoar', 100.00, '2018-08-19', 0, 4, 1),
	(3, 3, 'Popravka remena', 123.00, '2018-08-16', 0, 4, 1);
/*!40000 ALTER TABLE `vehicle_maintenance` ENABLE KEYS */;

-- Dumping structure for table vehicles_reservation_db.vehicle_maintenance_type
CREATE TABLE IF NOT EXISTS `vehicle_maintenance_type` (
  `id` int(11) NOT NULL AUTO_INCREMENT,
  `name` varchar(128) NOT NULL,
  PRIMARY KEY (`id`)
) ENGINE=InnoDB AUTO_INCREMENT=4 DEFAULT CHARSET=utf8;

-- Dumping data for table vehicles_reservation_db.vehicle_maintenance_type: ~3 rows (approximately)
/*!40000 ALTER TABLE `vehicle_maintenance_type` DISABLE KEYS */;
INSERT INTO `vehicle_maintenance_type` (`id`, `name`) VALUES
	(1, 'Servis vozila'),
	(2, 'Potrošnja goriva'),
	(3, 'Ostali troškovi');
/*!40000 ALTER TABLE `vehicle_maintenance_type` ENABLE KEYS */;

-- Dumping structure for table vehicles_reservation_db.vehicle_manufacturer
CREATE TABLE IF NOT EXISTS `vehicle_manufacturer` (
  `id` int(11) NOT NULL AUTO_INCREMENT,
  `name` varchar(128) NOT NULL,
  `company_id` int(11) NOT NULL,
  PRIMARY KEY (`id`),
  KEY `FK_vehicle_manufacturer_company` (`company_id`),
  CONSTRAINT `FK_vehicle_manufacturer_company` FOREIGN KEY (`company_id`) REFERENCES `company` (`id`)
) ENGINE=InnoDB AUTO_INCREMENT=7 DEFAULT CHARSET=utf8;

-- Dumping data for table vehicles_reservation_db.vehicle_manufacturer: ~5 rows (approximately)
/*!40000 ALTER TABLE `vehicle_manufacturer` DISABLE KEYS */;
INSERT INTO `vehicle_manufacturer` (`id`, `name`, `company_id`) VALUES
	(1, 'Renault', 1),
	(2, 'Skoda', 1),
	(3, 'Skoda', 2),
	(4, 'Opel', 1),
	(5, 'Dacia', 1);
/*!40000 ALTER TABLE `vehicle_manufacturer` ENABLE KEYS */;

-- Dumping structure for table vehicles_reservation_db.vehicle_model
CREATE TABLE IF NOT EXISTS `vehicle_model` (
  `id` int(11) NOT NULL AUTO_INCREMENT,
  `name` varchar(128) NOT NULL,
  `vehicle_manufacturer_id` int(11) NOT NULL,
  PRIMARY KEY (`id`),
  KEY `FK_vehicle_model_vehicle_manufacturer` (`vehicle_manufacturer_id`),
  CONSTRAINT `FK_vehicle_model_vehicle_manufacturer` FOREIGN KEY (`vehicle_manufacturer_id`) REFERENCES `vehicle_manufacturer` (`id`)
) ENGINE=InnoDB AUTO_INCREMENT=7 DEFAULT CHARSET=utf8;

-- Dumping data for table vehicles_reservation_db.vehicle_model: ~5 rows (approximately)
/*!40000 ALTER TABLE `vehicle_model` DISABLE KEYS */;
INSERT INTO `vehicle_model` (`id`, `name`, `vehicle_manufacturer_id`) VALUES
	(1, 'Laguna', 1),
	(2, 'Megan', 1),
	(3, 'Octavia', 2),
	(4, 'Clio', 1),
	(5, 'Logan', 5);
/*!40000 ALTER TABLE `vehicle_model` ENABLE KEYS */;

/*!40101 SET SQL_MODE=IFNULL(@OLD_SQL_MODE, '') */;
/*!40014 SET FOREIGN_KEY_CHECKS=IF(@OLD_FOREIGN_KEY_CHECKS IS NULL, 1, @OLD_FOREIGN_KEY_CHECKS) */;
/*!40101 SET CHARACTER_SET_CLIENT=@OLD_CHARACTER_SET_CLIENT */;
